FRONTEND,DEX,RELAYER,TOTAL_VOLUME,TOTAL_TIP
Arb Bot (5bsFr),jupiter,,2144044.86067205,
Unknown Frontend,stabble,,137823.909860286,
Arb Bot (mine9),zerofi,,292528.045303247,
Arb Bot (sattC),byreal,,32495.829309846,
Unknown Frontend,pancakeswap,,1593831.25788751,
OnChain Labs Frontend,goonfi,,1098413.69893168,
Arb Bot (NA247),raydium,,152404.4414532,
Axiom Frontend,orca,,32300.198721608,
Arb Bot (5bsFr),zerofi,,5371504.84858204,
Phoenix Frontend,phoenix,,3762224.93698185,
Arb Bot (King7),byreal,,23646.248320726,
Arb Bot (Pp5Nu),pumpswap,,4610.950875914,
Jupiter Agg,pumpfun,,16448884.73105,
Arb Bot (5bsFr),saros,,190.279365735,
Arb Bot (2Vxcb),humidifi,,44119115.8199279,
Arb Bot (9Zzf9),phoenix,,103142.700401337,
Arb Bot (King7),raydium,,1898950.98407756,
Jupiter Agg,obric,,17994851.6004403,
Arb Bot (GReEN),pancakeswap,,6850902.54546045,
Binance Wallet,alphaq,,2737893.35322937,
Arb Bot (3sr1A),raydium,,56281.027080032,
Arb Bot (5bsFr),meteora,,2586655.20405218,
Bitget DEX,stabble,,750.551846255,
Terminal Trading Bot,pumpswap,,5659.782586479,
Maestro Trading Bot,pumpfun,,41.652246788,
Squads Wallet,pancakeswap,,10.024550974,
OKX DEX,obric,,26043713.3595778,
Swissborg Frontend,orca,,13394855.1754527,
Arb Bot (MEMS5),pancakeswap,,677159.421833133,
Arb Bot (GMGNr),raydium,,646517.584976095,
Arb Bot (8aqua),zerofi,,744853.893282652,
Arb Bot (5bsFr),manifest,,5114418.16008703,
Arb Bot (9GCBb),saros,,1629.274088386,
Binance Wallet,zerofi,,581481.632353887,
Arb Bot (5bsFr),saber,,75755.642189005,
Squads Wallet,orca,,1626760.23351892,
Arb Bot (MEMS5),whalestreet,,98284.852117548,
Photon Frontend,meteora,,93693.168211916,
Titan Exchange,phoenix,,129753.397319797,
Binance Wallet,pancakeswap,,720397.164387533,
Arb Bot (9i7Qd),byreal,,700355.692959478,
Jupiter Agg,byreal,,11261797.9496792,
Unknown Frontend,jupiter,,1200386.45553465,
Arb Bot (BLzDY),bisonfi,,1370946.87122021,
Swissborg Frontend,solfi,,49751.588737749,
Arb Bot (Pp5Nu),manifest,,7216939.64164278,
Arb Bot (BPP53),pumpswap,,218507179.483284,
Arb Bot (BxM),byreal,,19713.124107904,
Wasabi Frontend,invariant,,1501.999150072,
Arb Bot (7XdeQ),jupiter,,260868.279197752,
Arb Bot (88aaa),orca,,621464.478147191,
Jupiter Agg,solfi,,947583802.594426,
Arb Bot (Rexhf),meteora,,8072101.26101416,
Arb Bot (Stend),pancakeswap,,55449.030901307,
Arb Bot (9GCBb),byreal,,17961.435436883,
Arb Bot (9GCBb),meteora,,113728.689896978,
Bitget DEX,saber,,916.198702752,
Arb Bot (8aqua),jupiter,,1895732.3364612,
Arb Bot (SSSnR,goonfi,,130.520607757,
Squads Wallet,manifest,,9.999265,
Arb Bot (MEVi),manifest,,1.13715202,
Ave.ai Trading Bot,orca,,159966.32489318,
Binance Wallet,goonfi,,3560748.93038846,
OKX DEX,orca,,32275417.5717096,
Titan Exchange,humidifi,,11271939.2966136,
Arb Bot (8aqua),byreal,,60318.728239784,
Wasabi Frontend,raydium,,9142601.36442217,
Arb Bot (BxM),humidifi,,303457.533268397,
Arb Bot (BzKg),zerofi,,9032606.18961261,
Arb Bot (Duvq),byreal,,76474.040687625,
Unknown Frontend,zerofi,,2084952.84731615,
Arb Bot (3Y186),pancakeswap,,726003.428154919,
OKX DEX,scorch,,1847735.33370272,
Arb Bot (3URuD),pancakeswap,,1140324.26997282,
Unknown Frontend,tesserav,,2149668.02490177,
Binance Wallet,aquifer,,1585748.76058417,
Arb Bot (MEMS5),obric,,6858907.10831235,
Bloom Trading Bot,orca,,793.761061255,
Arb Bot (3sr1A),pumpswap,,133011.011060738,
Arb Bot (GMGNr),meteora,,518510.775069211,
Jupiter Agg,pancakeswap,,186716074.281471,
Arb Bot (GReEN),raydium,,13034795.2461904,
Wasabi Frontend,bisonfi,,264363.025127083,
Arb Bot (Duvq),humidifi,,4636635.94729939,
Arb Bot (BLzDY),humidifi,,2385042.80693914,
Binance Wallet,bisonfi,,1581323.68071132,
Arb Bot (Pp5Nu),meteora,,1907540.6788595,
Bitget DEX,aquifer,,360.856895224,
Titan Exchange,aquifer,,4343208.04927173,
Arb Bot (BzKg),bisonfi,,43414458.9817051,
Arb Bot (9i7Qd),bisonfi,,15748794.0708462,
Arb Bot (SSSnR,zerofi,,368660.525232524,
Arb Bot (mine9),saros,,300.844089488,
Arb Bot (Pp5Nu),pancakeswap,,546470.429594658,
Arb Bot (9i7Qd),stabble,,3464544.72922679,
Arb Bot (MEMS5),orca,,4064432.92359593,
Arb Bot (MEMS5),humidifi,,4642838.04847111,
Arb Bot (2Vxcb),pumpswap,,371266.24690975,
Binance Wallet,pumpfun,,1081677.50745529,
Bitget DEX,pumpswap,,724111.688562041,
Wasabi Frontend,meteora,,130477.311800376,
Binance Wallet,scorch,,38571.922509739,
Arb Bot (SSSnR,tesserav,,133.359582324,
Arb Bot (knc2o),pumpfun,,5021327.35448236,
Arb Bot (9i7Qd),saber,,10943.686676022,
Liquid Mesh Frontend,pumpswap,,44133.750292133,
Arb Bot (BzKg),stabble,,1539319.49493409,
Unknown Frontend,goonfi,,2775184.76038032,
Arb Bot (SSSnR,raydium,,141860.218881464,
Arb Bot (5bsFr),humidifi,,3672863.78164782,
DFlow Frontend,aquifer,,10783901.7388021,
Arb Bot (9i7Qd),meteora,,14533159.6238516,
DFlow Frontend,orca,,38176210.2935663,
Pump.fun Frontend,pumpfun,,169741302.981455,
Arb Bot (A8g42),orca,,26777.478435115,
Arb Bot (5bsFr),byreal,,43474.399033069,
OnChain Labs Frontend,scorch,,6934.743053585,
Arb Bot (Duvq),raydium,,2514766.15460316,
Arb Bot (HpN),pancakeswap,,3577349.53814532,
Arb Bot (sattC),pumpswap,,1138212.56366468,
Swissborg Frontend,raydium,,2786195.00111799,
Liquid Mesh Frontend,orca,,162526.623691921,
Jupiter Agg,manifest,,273424123.679442,
Arb Bot (3Y186),orca,,1512406.37597454,
Arb Bot (Duvq),zerofi,,3861851.35105102,
Arb Bot (5bsFr),raydium,,2150341.32486098,
Swissborg Frontend,meteora,,393710.355346824,
Arb Bot (Duvq),saros,,432.04008698,
Binance Wallet,saber,,1246.950636165,
Arb Bot (Pp5Nu),saros,,116.474801213,
Arb Bot (A8g42),phoenix,,1605.832883284,
Arb Bot (88aaa),humidifi,,34.707074393,
Titan Exchange,meteora,,38897428.9387562,
Squads Wallet,meteora,,0.8667055,
Photon Frontend,orca,,50.58629573,
Arb Bot (88aaa),pumpswap,,7393.15531043,
Arb Bot (BLzDY),stabble,,27222.728134719,
Arb Bot (BzKg),jupiter,,1776204.31222811,
Arb Bot (BLzDY),meteora,,65460.163928314,
Arb Bot (SSSnR,orca,,988110.796142523,
Arb Bot (SSSnR,meteora,,741382.747640328,
Jupiter Agg,stabble,,32801249.101499,
Arb Bot (8aqua),bisonfi,,1514555.03049769,
Unknown Frontend,solfi,,3420585.77993238,
Bonk Bot,pumpfun,,3048112.69853594,
Titan Exchange,raydium,,38230073.6128619,
Arb Bot (9Zzf9),pumpswap,,24450.874130887,
Titan Exchange,bisonfi,,9506776.39938605,
Bitget DEX,manifest,,341544.874509467,
Liquid Mesh Frontend,raydium,,1068553.27103664,
Arb Bot (King7),tesserav,,1825292.741007,
Binance Wallet,mercurial,,358.217696052,
Swissborg Frontend,bisonfi,,1802.034165003,
Arb Bot (7XdeQ),raydium,,1069860.97930585,
Titan Exchange,pancakeswap,,1821517.51227226,
Arb Bot (5bsFr),solfi,,4206972.78187143,
Unknown Frontend,manifest,,2039339.1675172,
Binance Wallet,saros,,888.793090934,
Arb Bot (NA247),pancakeswap,,2714.759863567,
Binance Wallet,manifest,,2402900.61053425,
OKX DEX,whalestreet,,501027.879563824,
OnChain Labs Frontend,obric,,126065.351215884,
Jupiter Agg,tesserav,,811636579.118035,
Titan Exchange,alphaq,,25829103.6722944,
OKX DEX,solfi,,30963336.7925549,
OnChain Labs Frontend,meteora,,325617.247069392,
Arb Bot (9Zzf9),fluxbeam,,2216.685882072,
Arb Bot (MEVi),raydium,,13067.774716881,
Banana Gun Trading Bot,pumpswap,,54897.144482986,
Arb Bot (Duvq),solfi,,7189495.9038046,
Arb Bot (BzKg),manifest,,8785012.56445414,
OnChain Labs Frontend,solfi,,610390.230231832,
Arb Bot (Pp5Nu),jupiter,,312294.791573651,
Unknown Frontend,saros,,49565.401064117,
Bitget DEX,solfi,,587259.543828255,
Arb Bot (3URuD),raydium,,7154685.76462883,
Wasabi Frontend,solfi,,476061.051439471,
Arb Bot (GMGNr),pumpswap,,2283180.07723718,
DFlow Frontend,manifest,,34757043.3823683,
Raydium Frontend,raydium,,3652396050.21873,
Arb Bot (8aqua),raydium,,660250.575788042,
Jupiter Agg,dexscreener-moonshot,,7625.419715955,
Arb Bot (Stend),meteora,,23739.607785759,
Arb Bot (King7),pancakeswap,,1451848.25571836,
Arb Bot (MEMS5),mercurial,,4425.920322077,
Arb Bot (88aaa),solfi,,13836.002869051,
Arb Bot (MEMS5),jupiter,,228053.128580143,
Arb Bot (zrVF),manifest,,11183827.9085242,
OnChain Labs Frontend,bisonfi,,257784.840757732,
Arb Bot (Rexhf),orca,,7580174.31684226,
Binance Wallet,solfi,,12183663.6288535,
Arb Bot (XxXxX),pumpswap,,469600.123853131,
OnChain Labs Frontend,whalestreet,,8313.204002335,
Arb Bot (BLzDY),saros,,211.825991086,
Arb Bot (MEMS5),cropper,,5.90015841,
Swissborg Frontend,tesserav,,677350.085207368,
Arb Bot (AWyH),orca,,864632.593665617,
Arb Bot (mine9),pumpswap,,86400.826532039,
OKX DEX,raydium,,27882544.0749288,
Arb Bot (5bsFr),bisonfi,,21340163.5636219,
Arb Bot (King7),phoenix,,280050.060821085,
Arb Bot (Duvq),jupiter,,2677408.60949404,
Arb Bot (88aaa),zerofi,,23790.016150239,
Arb Bot (8aqua),mercurial,,4383.083198968,
Arb Bot (8aqua),fluxbeam,,26.620223839,
Arb Bot (3sr1A),phoenix,,6058.889394143,
Unknown Frontend,invariant,,1383.130362906,
Arb Bot (8aqua),manifest,,1135966.58230572,
OnChain Labs Frontend,raydium,,225891.394704171,
Arb Bot (9i7Qd),fluxbeam,,190.202106747,
Bitget DEX,byreal,,49.769655862,
Arb Bot (7XdeQ),stabble,,18638.101279796,
Arb Bot (3sr1A),humidifi,,167678.204720438,
Arb Bot (3URuD),meteora,,1433730.58235177,
Arb Bot (8aqua),saber,,33680.331935234,
Arb Bot (Duvq),meteora,,8529449.914414,
Arb Bot (XxXxX),byreal,,285381.265294499,
DFlow Frontend,saros,,94324.365927997,
Unknown Frontend,raydium,,24713658.5919756,
OKX DEX,stabble,,3085956.53053779,
Bonk Bot,pumpswap,,11709727.5464007,
OKX DEX,saber,,604499.512615473,
Jupiter Agg,saros,,59389.789010432,
Jupiter Agg,jupiter,,129850696.655619,
Maestro Trading Bot,pumpswap,,1313284.90516815,
Liquid Mesh Frontend,meteora,,359379.722939517,
Unknown Frontend,pumpswap,,25883182.6762683,
DFlow Frontend,pumpfun,,6378469.75649334,
Arb Bot (BxM),pancakeswap,,799989.340009249,
Swissborg Frontend,obric,,1648863.12436829,
DFlow Frontend,tesserav,,187005865.200506,
Arb Bot (Rexhf),byreal,,96572.569537678,
Arb Bot (sattC),tesserav,,686211.328524748,
Arb Bot (9GCBb),raydium,,1672367.6042116,
Arb Bot (9i7Qd),alphaq,,2185614.07064253,
Arb Bot (Pp5Nu),humidifi,,733410.869572185,
Arb Bot (XxXxX),orca,,3104602.11855528,
Arb Bot (9i7Qd),pancakeswap,,964732.121629549,
Arb Bot (8aqua),meteora,,1065328.25666358,
Unknown Frontend,byreal,,165326.646715508,
Arb Bot (zrVF),pumpswap,,68616.276232331,
Arb Bot (King7),solfi,,2495536.76487161,
DFlow Frontend,bisonfi,,39977280.7421868,
Arb Bot (mine9),pancakeswap,,829924.818097278,
OKX DEX,zerofi,,14908113.3730846,
Arb Bot (MEVi),pancakeswap,,665.668459326,
Arb Bot (88aaa),alphaq,,143900.701287851,
Wasabi Frontend,alphaq,,64222.502772699,
Arb Bot (88aaa),jupiter,,517530.01591447,
Arb Bot (BzKg),humidifi,,4836890.39429713,
Arb Bot (SSSnR,whalestreet,,53392.435722006,
Swissborg Frontend,zerofi,,238343.800739721,
OKX DEX,byreal,,3480444.77483499,
OKX DEX,phoenix,,506923.780716923,
Arb Bot (zrVF),pancakeswap,,7458229.56667441,
Arb Bot (9Zzf9),raydium,,2141217.77627084,
Arb Bot (BzKg),saros,,99.392971822,
Arb Bot (SSSnR,byreal,,1351.742883875,
Binance Wallet,raydium,,6859352.27632201,
Arb Bot (MEMS5),bisonfi,,7459262.45285601,
Arb Bot (BzKg),solfi,,5367813.31165015,
Arb Bot (XxXxX),jupiter,,286515.807492781,
Bitget DEX,raydium,,851098.73613254,
Arb Bot (BxM),solfi,,160955.724528244,
Arb Bot (BzKg),goonfi,,1273163.86065004,
Bitget DEX,phoenix,,113674.920994182,
Terminal Trading Bot,raydium,,9872.068072288,
Arb Bot (zrVF),humidifi,,45519.491222776,
Arb Bot (9GCBb),manifest,,1349283.02353173,
Arb Bot (AWyH),meteora,,321426.543384866,
Liquid Mesh Frontend,phoenix,,62073.476099133,
Ave.ai Trading Bot,pumpswap,,1308293.02364815,
Arb Bot (3sr1A),orca,,69064.356586142,
Arb Bot (Rexhf),manifest,,5392277.92705515,
Unknown Frontend,pumpfun,,16419450.8912124,
Arb Bot (MEMS5),pumpswap,,25898.207506483,
Arb Bot (8aqua),pumpswap,,9081.113373084,
Arb Bot (3sr1A),solfi,,35782.17276739,
Arb Bot (mine9),tesserav,,226221.073791329,
Arb Bot (BzKg),saber,,49525.299974298,
Arb Bot (mine9),manifest,,48066.67255518,
Arb Bot (9GCBb),jupiter,,2270793.69097529,
Arb Bot (BPP53),pumpfun,,35841272.10576,
Jupiter Agg,marcopolo,,7312.109142542,
Arb Bot (Duvq),stepn,,1815.066008034,
Arb Bot (3Y186),jupiter,,557795.491436238,
Arb Bot (8aqua),stabble,,986448.525586173,
Jupiter Agg,orca,,384393091.064406,
Photon Frontend,pumpfun,,1866492.08544491,
Arb Bot (Rexhf),pumpswap,,773160.303555625,
Arb Bot (9Zzf9),manifest,,688054.953121485,
Arb Bot (9i7Qd),pumpswap,,222537.208244414,
Arb Bot (MEMS5),manifest,,10553385.9462369,
DFlow Frontend,byreal,,182422.175360291,
Wasabi Frontend,humidifi,,729338.199015084,
Arb Bot (King7),fluxbeam,,848.582514159,
Arb Bot (BzKg),whalestreet,,243407.536049227,
Titan Exchange,solfi,,11641594.7221492,
Arb Bot (88aaa),meteora,,179360.010747713,
Jupiter Agg,raydium,,189600129.54727,
Arb Bot (SSSnR,stabble,,77579.011189953,
Arb Bot (9GCBb),saber,,1625.189363125,
Jupiter Agg,alphaq,,642305542.819189,
Axiom Frontend,meteora,,1277834.14224911,
Titan Exchange,stabble,,1805421.7970843,
Arb Bot (3URuD),orca,,1395771.97939575,
Arb Bot (mine9),orca,,426239.035938355,
Bitget DEX,obric,,253483.652025019,
Arb Bot (MEMS5),invariant,,7748.3434163,
Jupiter Agg,cropper,,10.304883882,
Arb Bot (88aaa),saber,,137.064464643,
Arb Bot (Rexhf),phoenix,,1061443.46345153,
Arb Bot (MEMS5),saros,,15779.742600907,
Arb Bot (MEMS5),phoenix,,309315.682449597,
Arb Bot (9Zzf9),meteora,,764389.794974558,
Arb Bot (BxM),bisonfi,,4915890.97727641,
Arb Bot (XxXxX),manifest,,325391.643579342,
Unknown Frontend,fluxbeam,,9688.319356801,
DFlow Frontend,humidifi,,310288.100653094,
OnChain Labs Frontend,phoenix,,901.964481383,
Wasabi Frontend,stabble,,2046.121823775,
Arb Bot (SSSnR,solfi,,38125.054826799,
Wasabi Frontend,whalestreet,,4487.198461775,
Arb Bot (XxXxX),phoenix,,2415.069973045,
Arb Bot (BxM),saros,,397.516869484,
Pump.fun Frontend,pumpswap,,43857767297.6257,
Arb Bot (3sr1A),meteora,,116275.857757692,
Arb Bot (BLzDY),manifest,,136472.179631999,
Arb Bot (A8g42),bisonfi,,31111.940500241,
Arb Bot (BLzDY),solfi,,265530.800106807,
Arb Bot (2Vxcb),manifest,,21850891.1833837,
Arb Bot (A8g42),manifest,,5961.374025643,
Jupiter Agg,bisonfi,,2823396712.95227,
Swissborg Frontend,goonfi,,4967.036247423,
Arb Bot (9GCBb),pumpswap,,97575.817845856,
Arb Bot (88aaa),phoenix,,35811.378460722,
Arb Bot (8aqua),phoenix,,400970.787730879,
Arb Bot (2Vxcb),raydium,,14184397.6423611,
Jester Program,meteora,,6617897.05246837,
Boobs Program,raydium,,8518631.21297321,
Jupiter Agg,invariant,,51104.350497815,
Bloom Trading Bot,pumpswap,,1782072.75059566,
Arb Bot (BxM),pumpswap,,21560.704462766,
Bitget DEX,tesserav,,3415.54434041,
Arb Bot (8A2a),raydium,,310328.001989824,
Jester Program,pancakeswap,,2532030.72303655,
Arb Bot (King7),meteora,,2698989.37879014,
OKX DEX,tesserav,,26656533.3013261,
Arb Bot (9Zzf9),stabble,,232220.284527031,
Arb Bot (MEMS5),goonfi,,4645539.75669223,
Arb Bot (A8g42),humidifi,,2559.513974991,
Titan Exchange,zerofi,,6266062.59872417,
Arb Bot (9Zzf9),mercurial,,9064.994056849,
Unknown Frontend,scorch,,38314.804673609,
Arb Bot (Duvq),whalestreet,,196424.767100202,
Arb Bot (88aaa),pancakeswap,,11998.566008154,
Unknown Frontend,whalestreet,,90111.811947894,
Arb Bot (NA247),pumpswap,,439175.044835902,
Arb Bot (8aqua),saros,,1310.409528793,
Arb Bot (MEMS5),saber,,6808.365274974,
Binance Wallet,meteora,,6658260.72535811,
Squads Wallet,goonfi,,4.3975483,
Jupiter Agg,saber,,2830788.75495848,
DFlow Frontend,meteora,,47548627.6048738,
Meteora Frontend,meteora,,1120873664.8511,
Arb Bot (9Zzf9),byreal,,61374.121521103,
DFlow Frontend,alphaq,,23299045.2228765,
Axiom Frontend,pumpfun,,44553060.3491878,
OKX DEX,bisonfi,,23949281.014397,
Arb Bot (9i7Qd),orca,,8821391.94482497,
Arb Bot (sattC),meteora,,3055652.78706915,
Unknown Frontend,aquifer,,310928.218429641,
Arb Bot (MEMS5),raydium,,3990180.89461512,
Arb Bot (BxM),orca,,1620782.23871365,
Arb Bot (Duvq),phoenix,,949537.293765482,
Titan Exchange,manifest,,49767370.8409459,
Swissborg Frontend,phoenix,,29864.755769508,
Arb Bot (sattC),saros,,668.376092217,
Boobs Program,pancakeswap,,7225764.72787697,
Unknown Frontend,orca,,10766825.5964603,
Arb Bot (2Vxcb),byreal,,556082.723250724,
Arb Bot (9GCBb),bisonfi,,8301454.9418106,
Axiom Frontend,dexscreener-moonshot,,8023.719199369,
Arb Bot (King7),saros,,8085.375115304,
Arb Bot (Duvq),goonfi,,1496206.30407619,
Liquid Mesh Frontend,solfi,,1949028.94832478,
OnChain Labs Frontend,manifest,,596245.854963831,
Arb Bot (3Y186),pumpswap,,3981.67150492,
Binance Wallet,whalestreet,,9659.794906074,
GMGN Trading Bot,pumpfun,,24518533.2361551,
OnChain Labs Frontend,stabble,,12662.979525676,
Banana Gun Trading Bot,pumpfun,,25566.142432119,
Arb Bot (8aqua),invariant,,52485.440608786,
Maestro Trading Bot,meteora,,199273.744972881,
Arb Bot (9i7Qd),humidifi,,7962249.04627443,
Jupiter Agg,meteora,,362680124.875814,
Arb Bot (SSSnR,alphaq,,513981.051796562,
Wasabi Frontend,aquifer,,3561.616558407,
Arb Bot (BLzDY),raydium,,310528.455851541,
Arb Bot (MEVi),pumpswap,,38508.020503147,
Jupiter Agg,mercurial,,246452.652615299,
Titan Exchange,obric,,8426676.99554989,
OnChain Labs Frontend,pumpswap,,612829.847977129,
Titan Exchange,tesserav,,27971695.6726896,
DFlow Frontend,obric,,7316248.4294869,
Swissborg Frontend,manifest,,3148605.74744171,
Arb Bot (SSSnR,pumpswap,,3522.038007474,
Axiom Frontend,raydium,,748917.767173313,
DFlow Frontend,solfi,,3983542.84741492,
Arb Bot (BzKg),meteora,,9315031.01458353,
Arb Bot (mine9),raydium,,349505.739968199,
Unknown Frontend,saber,,87265.036143735,
Bloom Trading Bot,dexscreener-moonshot,,674.705287845,
Arb Bot (A8g42),pumpswap,,17789.270724281,
OKX DEX,dexscreener-moonshot,,9154.222368709,
Arb Bot (mine9),byreal,,23678.094523469,
Jupiter Agg,zerofi,,158827014.708692,
Arb Bot (88aaa),stepn,,894.068059559,
Binance Wallet,invariant,,107.751555416,
Arb Bot (9Zzf9),orca,,4229444.83443725,
Ave.ai Trading Bot,raydium,,703863.599058145,
Arb Bot (BxM),alphaq,,1393627.11559986,
Arb Bot (7XdeQ),meteora,,4128692.48908194,
Arb Bot (BLzDY),byreal,,1189.92978375,
Arb Bot (Stend),pumpswap,,522.260456386,
Unknown Frontend,obric,,101885.917135805,
Arb Bot (MEMS5),gamma,,2.757895121,
Arb Bot (BLzDY),orca,,788533.175660165,
Terminal Trading Bot,pumpfun,,428498.017487402,
Arb Bot (zrVF),orca,,5188824.57630948,
Arb Bot (sattC),bisonfi,,4356000.05347389,
OKX DEX,alphaq,,28410489.970426,
OKX DEX,pumpswap,,35640389.0717457,
Arb Bot (MEMS5),meteora,,4392610.03097003,
OnChain Labs Frontend,pancakeswap,,21405.551771661,
Unknown Frontend,dexscreener-moonshot,,13849.767518027,
Arb Bot (2A6m4),orca,,1040849.44784102,
Arb Bot (7XdeQ),manifest,,8710129.56204024,
Arb Bot (7XdeQ),pancakeswap,,1675244.17721376,
Arb Bot (MEMS5),stepn,,2471.62123512,
Wasabi Frontend,pancakeswap,,25879.334077026,
Arb Bot (Pp5Nu),bisonfi,,20544212.1818828,
Arb Bot (XxXxX),pancakeswap,,3590018.25999874,
ZeroFi Program,zerofi,,3820.116532771,
Arb Bot (A8g42),raydium,,34916.369506309,
Arb Bot (Stend),raydium,,73733.374322512,
Liquid Mesh Frontend,stabble,,293908.698580695,
Arb Bot (8aqua),stepn,,8120.513637559,
Arb Bot (SSSnR,bisonfi,,888051.045443031,
OnChain Labs Frontend,byreal,,3073.822972293,
Binance Wallet,stabble,,1417999.7313868,
Jupiter Agg,scorch,,29051474.7720875,
Arb Bot (Pp5Nu),orca,,3354420.60620989,
OnChain Labs Frontend,fluxbeam,,13.138142518,
Bitget DEX,zerofi,,2672233.06339226,
Arb Bot (BLzDY),pancakeswap,,15938.070301111,
Unknown Frontend,bisonfi,,2862576.30024988,
Jupiter Agg,whalestreet,,11346610.8410236,
Jester Program,pumpswap,,3845969.15993755,
Arb Bot (EkRb),raydium,,4078955.39987435,
Arb Bot (9i7Qd),raydium,,3516698.37006049,
Arb Bot (9GCBb),solfi,,1457175.9515669,
Arb Bot (88aaa),saros,,486.371525163,
Titan Exchange,orca,,52372801.1123414,
Photon Frontend,pumpswap,,202857.106008134,
Arb Bot (2A6m4),pumpswap,,226214.610185847,
Titan Exchange,scorch,,52467.256728383,
Unknown Frontend,phoenix,,471661.665055912,
Arb Bot (BxM),manifest,,20332.267204967,
Arb Bot (88aaa),stabble,,97696.046084704,
Arb Bot (8A2a),meteora,,77892305.5242298,
Arb Bot (7XdeQ),orca,,4877247.73607915,
Arb Bot (5bsFr),pancakeswap,,4887330.35494717,
Arb Bot (SSSnR,saros,,231.071267124,
Arb Bot (SSSnR,manifest,,496566.572651403,
Arb Bot (Duvq),pancakeswap,,5181284.10982798,
OKX DEX,pancakeswap,,2297146.22388573,
DFlow Frontend,pancakeswap,,8093513.34176256,
Jupiter Agg,humidifi,,573613575.2552,
Liquid Mesh Frontend,pumpfun,,4983.883216347,
Bitget DEX,goonfi,,13622.313870443,
Arb Bot (King7),zerofi,,687309.112234506,
Swissborg Frontend,humidifi,,206962.814211486,
Wasabi Frontend,orca,,341143.867291517,
Bitget DEX,meteora,,857266.576697575,
Arb Bot (5bsFr),alphaq,,6388004.56891486,
Arb Bot (BxM),raydium,,627192.662955387,
Arb Bot (2Vxcb),solfi,,947060.807859296,
Arb Bot (MEMS5),tesserav,,601251.536471947,
Wasabi Frontend,tesserav,,337890.019844482,
Arb Bot (9GCBb),humidifi,,5001016.79731301,
Bitget DEX,fluxbeam,,618.73351329,
Arb Bot (GReEN),meteora,,17684695.7410068,
Arb Bot (zrVF),bisonfi,,33682967.8157179,
Arb Bot (Duvq),manifest,,11564126.8922391,
Arb Bot (zrVF),solfi,,506938.547515565,
Boobs Program,orca,,4507742.7525315,
Jupiter Agg,aquifer,,242579720.964906,
Arb Bot (zrVF),meteora,,5523881.4159022,
Arb Bot (2Vxcb),orca,,19748778.7609737,
Unknown Frontend,humidifi,,2775673.75879091,
Arb Bot (AWyH),raydium,,2936265.7065698,
Binance Wallet,phoenix,,697289.356578841,
Arb Bot (MEMS5),zerofi,,4301216.45487109,
Arb Bot (MEVi),meteora,,29172.421386538,
Bitget DEX,mercurial,,87.331128871,
Arb Bot (8A2a),orca,,62507077.3791475,
Arb Bot (9Zzf9),stepn,,7833.970226281,
Arb Bot (King7),pumpfun,,13615.392443564,
Arb Bot (MEMS5),solfi,,5923777.45717166,
Arb Bot (Stend),orca,,45380.37582665,
Wasabi Frontend,zerofi,,15177.248710625,
Arb Bot (7XdeQ),pumpswap,,4402.120928538,
Arb Bot (Duvq),bisonfi,,39393857.2525599,
Arb Bot (MEMS5),byreal,,37387.606917668,
Arb Bot (Duvq),saber,,9731.60094534,
Arb Bot (2Vxcb),meteora,,19421071.6433554,
Arb Bot (88aaa),mercurial,,937.963993432,
Binance Wallet,fluxbeam,,130.831505687,
Wasabi Frontend,scorch,,1200.262788296,
Wasabi Frontend,manifest,,1924.876832094,
Arb Bot (BzKg),stepn,,6509.166024824,
Jupiter Agg,goonfi,,652144373.604239,
Arb Bot (XxXxX),raydium,,1332939.29001594,
DFlow Frontend,stabble,,1225179.886296,
OKX DEX,humidifi,,19500972.5692461,
Unknown Frontend,meteora,,24754055.5273272,
Arb Bot (sattC),humidifi,,1940729.62760289,
Arb Bot (BxM),meteora,,1336105.12679222,
Arb Bot (BzKg),alphaq,,13056724.0859039,
Maestro Trading Bot,raydium,,168731.95683592,
OnChain Labs Frontend,humidifi,,209284.586029434,
Arb Bot (King7),stabble,,643582.7896093,
Arb Bot (Duvq),invariant,,163.485148887,
Arb Bot (BzKg),invariant,,312.940929255,
Photon Frontend,dexscreener-moonshot,,0.853650072,
Arb Bot (BzKg),byreal,,74180.506291787,
Arb Bot (King7),goonfi,,339151.095775295,
Arb Bot (zrVF),raydium,,3901933.43638313,
Ave.ai Trading Bot,pumpfun,,414369.982542895,
Arb Bot (XxXxX),solfi,,4195946.43832002,
Bitget DEX,pancakeswap,,126892.903962196,
Arb Bot (BzKg),phoenix,,947535.225434909,
Arb Bot (3Y186),bisonfi,,12199469.540692,
Arb Bot (88aaa),manifest,,206504.556428304,
Swissborg Frontend,aquifer,,11845.768666351,
Arb Bot (MEVi),orca,,3529.325181462,
Boobs Program,meteora,,13951352.0842755,
Arb Bot (BzKg),orca,,11533122.2877404,
Jester Program,raydium,,3258652.34379713,
Wasabi Frontend,pumpswap,,18571.612979764,
Squads Wallet,raydium,,0.9655303164,
Jester Program,jupiter,,961614.414608417,
Arb Bot (Duvq),stabble,,1321230.55041322,
Arb Bot (5bsFr),phoenix,,800360.34871415,
Bitget DEX,alphaq,,15737.521142688,
Arb Bot (SSSnR,humidifi,,1592389.94216062,
Arb Bot (2A6m4),raydium,,424861.288616229,
Arb Bot (Duvq),pumpswap,,3374.638965843,
Arb Bot (sattC),raydium,,886711.567907008,
Titan Exchange,byreal,,2144801.09232674,
Jupiter Agg,phoenix,,7878893.33237946,
Arb Bot (5bsFr),orca,,6680792.33080777,
DFlow Frontend,zerofi,,3775131.61047107,
Arb Bot (XxXxX),zerofi,,2768524.61099744,
Axiom Frontend,pumpswap,,14451622.5310054,
DFlow Frontend,raydium,,34647521.947077,
Byreal Frontend,byreal,,2192742.908533,
Arb Bot (5bsFr),stabble,,1024192.83119152,
Arb Bot (A8g42),meteora,,10153.408728033,
Bitget DEX,humidifi,,14833.680731847,
Arb Bot (sattC),orca,,1489330.110195,
Arb Bot (7XdeQ),humidifi,,2098430.62902154,
Arb Bot (88aaa),byreal,,8613.4408314,
Arb Bot (88aaa),bisonfi,,224390.157441712,
OnChain Labs Frontend,saber,,0.5498750505,
Arb Bot (88aaa),fluxbeam,,5.763972779,
Wasabi Frontend,saber,,4991.25148468,
Arb Bot (XxXxX),bisonfi,,10944694.8213185,
OnChain Labs Frontend,zerofi,,180721.325544672,
Arb Bot (3Y186),meteora,,688846.888307627,
Arb Bot (SSSnR,phoenix,,65191.070611764,
Arb Bot (SSSnR,obric,,292277.372630267,
Arb Bot (7XdeQ),saros,,703.312004396,
Arb Bot (A8g42),pancakeswap,,250.46728976,
Arb Bot (MEVi),byreal,,1.155259661,
Arb Bot (9Zzf9),saros,,4290.014557169,
Arb Bot (King7),humidifi,,1377354.71412776,
Binance Wallet,byreal,,78094.832529099,
OKX DEX,fluxbeam,,5669.479066625,
OKX DEX,saros,,13960.065200155,
Arb Bot (9GCBb),stabble,,154887.347340066,
Arb Bot (2A6m4),bisonfi,,1775506.55978338,
Jupiter Agg,fluxbeam,,12310.689214113,
Bitget DEX,bisonfi,,4581.56467935,
Arb Bot (sattC),solfi,,405696.670354352,
OKX DEX,pumpfun,,7268463.10128804,
Binance Wallet,pumpswap,,8287232.25307056,
Bloom Trading Bot,meteora,,450742.127628156,
Titan Exchange,saros,,1780.660569906,
Arb Bot (8aqua),solfi,,884997.119208102,
Arb Bot (zrVF),byreal,,98805.73821003,
Arb Bot (2A6m4),meteora,,950014.318516289,
Binance Wallet,orca,,2640953.53671549,
Arb Bot (BzKg),pancakeswap,,8007627.73723571,
Arb Bot (King7),pumpswap,,516803.308567203,
Arb Bot (Duvq),orca,,12216953.886825,
Arb Bot (XxXxX),humidifi,,5058025.94939175,
OKX DEX,meteora,,47338663.510605,
OKX DEX,manifest,,45551286.3054469,
Arb Bot (5bsFr),goonfi,,768032.198947557,
Arb Bot (mine9),bisonfi,,1574674.48166476,
OnChain Labs Frontend,alphaq,,316158.591221947,
Arb Bot (BzKg),raydium,,2860813.31445748,
Orca Frontend,orca,,784743272.247864,
Arb Bot (9GCBb),pumpfun,,111.373804059,
Arb Bot (BLzDY),jupiter,,219537.923628139,
Arb Bot (King7),bisonfi,,32194.423923593,
Wasabi Frontend,goonfi,,142098.128170173,
Arb Bot (mine9),meteora,,560847.447830641,
Arb Bot (5bsFr),whalestreet,,187348.637734209,
Binance Wallet,obric,,350011.330638525,
Liquid Mesh Frontend,pancakeswap,,63134.681833285,
Arb Bot (BLzDY),pumpswap,,32468.444800288,
Arb Bot (3URuD),byreal,,667773.349669368,
Bitget DEX,orca,,93959.061522083,
Arb Bot (XxXxX),meteora,,1920734.89065513,
Fluxbeam Frontend,fluxbeam,,12812606.2476119,
Arb Bot (XxXxX),goonfi,,993941.932155084,
Arb Bot (MEMS5),alphaq,,18297239.7043583,
Binance Wallet,tesserav,,5300848.9860216,
Jupiter Agg,stepn,,768856.225696095,
Arb Bot (MEMS5),marcopolo,,649.321517821,
Unknown Frontend,marcopolo,,124.358375208,
Arb Bot (King7),manifest,,2014342.7247624,
Arb Bot (SSSnR,pancakeswap,,95725.560513011,
Arb Bot (GMGNr),pumpfun,,782625.271822933,
Arb Bot (Rexhf),pancakeswap,,3591757.27324437,
OnChain Labs Frontend,pumpfun,,136231.745064795,
Arb Bot (9i7Qd),solfi,,649067.88280591,
Arb Bot (MEMS5),stabble,,380331.786534253,
Arb Bot (5bsFr),invariant,,24020.787250938,
Arb Bot (8aqua),humidifi,,2076662.24033791,
Arb Bot (XxXxX),aquifer,,6117.192136639,
Photon Frontend,raydium,,235315.079476479,
Arb Bot (3Y186),manifest,,4353663.24842243,
Arb Bot (Pp5Nu),raydium,,530178.144055573,
Arb Bot (9GCBb),pancakeswap,,698717.923799824,
Titan Exchange,pumpswap,,927710.051376723,
Arb Bot (2Vxcb),pancakeswap,,30005478.091491,
Binance Wallet,humidifi,,5453899.54167433,
Arb Bot (8aqua),pancakeswap,,424316.307467778,
Arb Bot (9Zzf9),saber,,19543.598625595,
Liquid Mesh Frontend,tesserav,,1115717.78887458,
Titan Exchange,pumpfun,,13310.266366371,
Arb Bot (88aaa),raydium,,31369.400219161,
Arb Bot (3Y186),humidifi,,1068877.46576819,
Arb Bot (NA247),orca,,23327.54356642,
Arb Bot (XxXxX),alphaq,,261413.889590517,
Arb Bot (Duvq),alphaq,,12975135.2986856,
Arb Bot (MEMS5),aquifer,,1368326.83090224,
Arb Bot (GMGNr),orca,,300003.633441649,
Squads Wallet,alphaq,,83.690779318,
Arb Bot (5bsFr),stepn,,3508.24745814,
Jester Program,orca,,4937209.46336914,
Arb Bot (SSSnR,jupiter,,322237.255159901,
OnChain Labs Frontend,orca,,173431.835925231,
Maestro Trading Bot,orca,,10913.003202445,
Arb Bot (MEMS5),fluxbeam,,206.96754244,
Arb Bot (sattC),pancakeswap,,756994.595827198,
Arb Bot (8aqua),orca,,2353032.66032642,
Arb Bot (NA247),meteora,,1231634.16334133,
Titan Exchange,goonfi,,20190505.2817412,
Arb Bot (9Zzf9),pancakeswap,,36311.141201624,
Unknown Frontend,stepn,,154425.466876784,
Unknown Frontend,mercurial,,1515.997116338,
Arb Bot (9i7Qd),saros,,4912.106089858,
Arb Bot (9GCBb),orca,,5232407.08205402,
Arb Bot (3Y186),stabble,,14345.563903724,
DFlow Frontend,phoenix,,1105300.61715703,
Arb Bot (XxXxX),stabble,,142578.63714588,
OKX DEX,goonfi,,59834528.8192115,
Arb Bot (3Y186),raydium,,591060.094023805,
Ave.ai Trading Bot,meteora,,11791.61062485,
Arb Bot (XxXxX),tesserav,,1185434.16210212,
Binance Wallet,stepn,,277.793218825,
Arb Bot (8aqua),alphaq,,653687.763842589,
Arb Bot (Pp5Nu),stabble,,22332.299874917,
Arb Bot (9i7Qd),jupiter,,4410.71965317,
OnChain Labs Frontend,tesserav,,1008201.68181567,
Unknown Frontend,alphaq,,1230269.9086061,
Wasabi Frontend,byreal,,1728006.33229778,
Arb Bot (Rexhf),raydium,,6213197.197918,
Arb Bot (7XdeQ),bisonfi,,27823104.4985084,
Arb Bot (8aqua),aquifer,,2626.082552807,
Jupiter Agg,pumpswap,,122376875.351949,
DFlow Frontend,pumpswap,,113630543.818459,
Bloom Trading Bot,pumpfun,,4688923.06923917,
Arb Bot (2Vxcb),bisonfi,,42101492.4148836,
Arb Bot (King7),orca,,4183423.08932088,
Bloom Trading Bot,raydium,,524324.4860382,
Axiom Frontend,pumpfun,temporal_private,193573216.685944,12604.58023092800
Axiom Frontend,pumpswap,temporal_private,81831257.5536685,3203.51784316400
Pump.fun Frontend,pumpfun,astralane,66617330.2539423,1612.17917900700
Pump.fun Frontend,pumpfun,jito,37487086.902098,1357.91340774800
Axiom Frontend,pumpfun,0slot,82116253.116182,1332.33491133600
Pump.fun Frontend,pumpfun,0slot,48843333.0613656,1204.65685938800
Terminal Trading Bot,pumpfun,stellium,17463805.1828316,905.97790000000
Pump.fun Frontend,pumpswap,0slot,38264008.9618252,790.78456783100
Unknown Frontend,pumpfun,jito,6719374.46254766,718.71512556900
Terminal Trading Bot,pumpfun,temporal,10909467.7596604,585.74380000000
Pump.fun Frontend,pumpfun,temporal,10212084.1553075,540.84203593800
Pump.fun Frontend,pumpfun,stellium,8821359.98216343,503.09324277200
Terminal Trading Bot,pumpfun,0slot,11532890.7244979,495.52270000000
Pump.fun Frontend,pumpswap,stellium,16136740.3603201,474.82756454200
Pump.fun Frontend,pumpswap,jito,664280162.296586,440.80279166200
Pump.fun Frontend,pumpfun,bloxroute,5590892.4807014,431.53234109400
Pump.fun Frontend,pumpfun,helius,21997380.3008988,392.83621917700
Axiom Frontend,meteora,temporal_private,6550110.323085,374.60627699000
Pump.fun Frontend,pumpswap,temporal,11768275.878701,370.09449768000
Pump.fun Frontend,pumpfun,blockrazor,8322572.13434551,299.80517517600
Raydium Frontend,raydium,jito,225608111.741646,298.93282676600
Unknown Frontend,pumpswap,jito,5212223.94111015,294.85258183700
Axiom Frontend,pumpswap,0slot,28551154.8159714,278.30638784500
Unknown Frontend,meteora,jito,6018339.9813916,264.29557922500
Orca Frontend,orca,jito,542717879.919069,235.34571139900
Jupiter Agg,bisonfi,jito,688823798.813779,225.09269290200
Pump.fun Frontend,pumpswap,bloxroute,4643790.32104861,212.58921322600
Jupiter Agg,meteora,temporal,28210937.2474992,175.46273967600
Terminal Trading Bot,pumpfun,jito,4180659.73325597,174.31560167700
GMGN Trading Bot,pumpfun,0slot,5372530.81982644,168.59367286600
Axiom Frontend,pumpfun,jito,16880137.1778116,168.11816372300
Axiom Frontend,raydium,temporal_private,4848202.78331701,167.95182220800
Bloom Trading Bot,pumpfun,temporal,1840347.35344529,144.62980439900
Meteora Frontend,meteora,jito,1019330139.39167,139.35076792200
Photon Frontend,pumpfun,bloxroute,1517339.34561304,122.13556515000
Pump.fun Frontend,pumpswap,astralane,12079092.3692699,121.51049991200
Raydium Frontend,raydium,temporal,7378557.86190755,121.02609556500
Pump.fun Frontend,pumpswap,helius,30066240.1364676,120.89928588400
Jupiter Agg,humidifi,temporal,20681484.8583819,119.48579227700
Unknown Frontend,pumpswap,0slot,7522494.54673584,117.70378649900
Unknown Frontend,raydium,jito,5003219.56002067,117.52922457100
Raydium Frontend,raydium,astralane,136161965.608781,99.52443399400
Maestro Trading Bot,pumpswap,astralane,1542142.69130376,92.42210561400
Orca Frontend,orca,astralane,227785191.89123,88.49100397200
Pump.fun Frontend,pumpswap,blockrazor,3558476.49866942,86.35717503800
Jupiter Agg,goonfi,temporal,8862743.59068539,80.44126892100
Unknown Frontend,pumpfun,0slot,2140600.74872139,79.56628886900
Jupiter Agg,solfi,temporal,10421580.144407,78.08020900300
Arb Bot (9i7Qd),meteora,jito,999009.621302451,76.11883442600
Bloom Trading Bot,pumpfun,0slot,1044305.57321909,70.22560498000
Jupiter Agg,pumpswap,temporal,9174379.53303938,69.71420118900
Maestro Trading Bot,pumpswap,0slot,1140886.51998078,66.24809051200
Meteora Frontend,meteora,0slot,14457785.8660957,62.86102144600
Meteora Frontend,meteora,temporal,15078406.6899527,59.21375123600
Unknown Frontend,pumpswap,temporal,2517667.4756006,57.71861306500
Bloom Trading Bot,pumpfun,jito,717391.777890037,57.48244793200
Jupiter Agg,solfi,jito,380626007.993419,57.29882747400
Meteora Frontend,meteora,astralane,87640300.5500221,55.19726282700
Jupiter Agg,orca,jito,145711623.386413,52.16569595900
GMGN Trading Bot,pumpfun,blockrazor,1528313.75058853,52.07762447600
Meteora Frontend,meteora,stellium,1237184.90184384,50.25678873200
Jupiter Agg,meteora,jito,89024997.818306,49.92588449800
Jupiter Agg,raydium,temporal,11262918.6804167,48.53739601300
Jupiter Agg,orca,temporal,9094660.24339519,46.65102166900
Maestro Trading Bot,pumpswap,temporal,758044.69580492,46.30289101300
Raydium Frontend,raydium,helius,149107895.223485,44.43570359000
Jupiter Agg,goonfi,jito,325963189.77409,43.78013568900
Maestro Trading Bot,pumpswap,stellium,696632.909958414,43.70255750500
Jupiter Agg,tesserav,jito,145808699.583114,42.39244493900
Arb Bot (A8g42),meteora,jito,450376.023551658,42.17374941600
Raydium Frontend,raydium,0slot,10773143.5726848,42.11812333800
Unknown Frontend,orca,jito,3290443.76159821,41.31696094500
Unknown Frontend,pumpswap,helius,2419285.6823602,38.20805566800
Ave.ai Trading Bot,pumpswap,jito,2173163.19213287,37.49636729800
Axiom Frontend,pumpswap,jito,5395391.1688378,36.34569340200
Unknown Frontend,pumpswap,astralane,1188775.923148,34.18043636300
DFlow Frontend,tesserav,jito,113404646.583642,33.87522600600
Bitget DEX,pumpswap,bloxroute,2029947.93058732,30.71992826200
Bloom Trading Bot,pumpfun,helius,314990.165147266,30.36679289000
Meteora Frontend,meteora,bloxroute,12596710.5957051,30.32631765700
Unknown Frontend,meteora,temporal,623236.700839289,29.96064373900
Maestro Trading Bot,pumpswap,jito,463351.351180548,29.55311441200
Raydium Frontend,raydium,bloxroute,2564974.85604995,29.26576755000
Jupiter Agg,tesserav,temporal,6968890.03697573,27.69331299700
Jupiter Agg,alphaq,jito,131848757.846228,27.59431427000
Arb Bot (2A6m4),meteora,jito,87845.350260823,26.51707415700
Jupiter Agg,raydium,jito,43415454.2119001,26.38668474900
Jupiter Agg,bisonfi,temporal,7326919.84780937,25.77076503000
Byreal Frontend,byreal,jito,40370601.1358431,25.70982158900
Arb Bot (A8g42),raydium,jito,738957.801332415,25.63589471800
Unknown Frontend,pancakeswap,jito,1850281.74044415,25.51725900700
Jupiter Agg,alphaq,temporal,6289681.21612383,25.46703046000
Arb Bot (2A6m4),pumpswap,jito,52426.630345954,24.76746059700
Unknown Frontend,meteora,helius,1765369.64139063,24.41708653800
Axiom Frontend,meteora,0slot,4633450.11214303,23.81405128100
Jupiter Agg,pancakeswap,jito,55263989.8542399,23.62188664400
Jupiter Agg,pancakeswap,temporal,1596355.80339839,23.34010503500
Meteora Frontend,meteora,helius,152636562.987694,23.11988790200
Orca Frontend,orca,helius,365617642.571775,22.78955599800
Unknown Frontend,pumpfun,bloxroute,403393.4479031,22.69520553800
Ave.ai Trading Bot,pumpfun,jito,712072.384626757,22.65767487400
Unknown Frontend,pumpfun,astralane,1309834.04570866,22.23847974100
Terminal Trading Bot,raydium,stellium,543785.116162846,21.57050000000
Arb Bot (9i7Qd),pumpswap,jito,82348.232259573,20.94158705500
Axiom Frontend,pumpfun,astralane,18897995.8981714,20.91535636500
Maestro Trading Bot,pumpswap,blockrazor,345583.599727541,20.27065372400
Arb Bot (XxXxX),raydium,helius,910449.874411661,19.96609750000
Arb Bot (XxXxX),meteora,helius,1014756.31497698,19.86753115300
Raydium Frontend,raydium,stellium,714765.400169892,19.70048984700
Photon Frontend,pumpfun,temporal,379012.083586249,19.49083000000
Arb Bot (XxXxX),zerofi,helius,1616154.33440319,19.23372044800
Unknown Frontend,pumpfun,stellium,570090.830148407,18.26757983400
Bloom Trading Bot,pumpswap,temporal,808053.220384113,18.11838918500
Axiom Frontend,raydium,0slot,1470102.62306,17.36897256900
Jupiter Agg,pumpfun,temporal,799113.338970424,16.76788470300
Arb Bot (NA247),meteora,temporal,328589.488549863,16.26966060000
Unknown Frontend,meteora,stellium,662573.213090724,15.98461246800
Unknown Frontend,raydium,astralane,916167.077652613,15.98105434700
Jupiter Agg,zerofi,jito,63357102.9441604,15.95244308600
Unknown Frontend,pumpfun,helius,966382.793159065,15.77214361600
Jupiter Agg,humidifi,astralane,608555058.430628,15.00059575700
Ave.ai Trading Bot,raydium,jito,2703759.71756318,14.95812496100
Unknown Frontend,meteora,0slot,484804.632069209,14.61583627000
Bitget DEX,meteora,bloxroute,1376096.1656136,14.50159729400
Orca Frontend,orca,temporal,26338134.8541407,14.37578219400
Jupiter Agg,manifest,temporal,4466256.18753995,13.83079465500
Arb Bot (7XdeQ),meteora,jito,1096738.18288038,13.72948785300
Jupiter Agg,manifest,jito,77723078.1748056,13.55662253000
Liquid Mesh Frontend,solfi,helius,100268070.798447,13.53990300000
Jupiter Agg,meteora,astralane,32515356.6739086,13.32231949300
Bitget DEX,raydium,bloxroute,1294937.04758796,12.83237040100
Jupiter Agg,pumpfun,jito,734422.276141742,12.76299581300
Orca Frontend,orca,bloxroute,27655252.7874049,12.71251331100
Terminal Trading Bot,raydium,temporal,322106.890500012,12.44630000000
Bloom Trading Bot,meteora,temporal,192987.138264941,12.43748082400
Jupiter Agg,humidifi,jito,27349649.1461978,12.10904073800
Jupiter Agg,pumpswap,jito,3500220.32032154,12.01265217700
Jupiter Agg,aquifer,jito,51539944.7683024,11.94916878700
Jupiter Agg,zerofi,temporal,2584732.46322855,11.91858254700
Bloom Trading Bot,pumpswap,0slot,472618.283307306,11.91768178800
Unknown Frontend,pumpfun,blockrazor,509209.844907812,11.49107360300
Meteora Frontend,meteora,blockrazor,253500.795310807,11.37738380400
Terminal Trading Bot,pumpswap,stellium,424116.351214884,10.85450000000
Jupiter Agg,meteora,helius,31161370.9006951,10.75385342800
Terminal Trading Bot,raydium,0slot,350171.68067565,10.68350000000
Unknown Frontend,meteora,astralane,1314216.98894387,10.61953549400
Phoenix Frontend,phoenix,jito,15581647.5526158,10.33785223300
Bloom Trading Bot,raydium,temporal,224324.569892613,10.09912816800
Arb Bot (Rexhf),meteora,helius,1383319.77077552,9.26048616400
Unknown Frontend,pumpswap,stellium,352771.990373872,9.06078528400
Arb Bot (7XdeQ),pumpswap,jito,31769.642187446,8.90331650600
Orca Frontend,orca,0slot,32320097.9916731,8.63684858900
Unknown Frontend,pumpswap,blockrazor,351086.639636076,8.58111702400
Unknown Frontend,meteora,bloxroute,359778.754797572,8.47024920100
Jupiter Agg,orca,astralane,37605612.954582,8.40845531400
Bitget DEX,solfi,bloxroute,2245228.08446146,8.37750644000
Jupiter Agg,stabble,jito,18256732.3794815,8.33483007500
Unknown Frontend,meteora,blockrazor,373425.705948971,8.24427228700
Bloom Trading Bot,pumpswap,jito,332429.047859703,8.09377908200
Unknown Frontend,pumpswap,bloxroute,207931.920087232,7.78906696600
Bitget DEX,zerofi,bloxroute,4306598.57330441,7.74012859500
Jupiter Agg,pumpfun,helius,879059.540179431,7.54134999700
Arb Bot (9i7Qd),raydium,jito,315785.638734086,7.52991348700
Jupiter Agg,raydium,astralane,10799306.1322589,7.42368598600
Arb Bot (Rexhf),meteora,stellium,432014.025573843,7.34033339400
Binance Wallet,solfi,blockrazor,2712595.20091771,7.30550344800
Jupiter Agg,raydium,helius,15265328.60741,7.21890915900
Binance Wallet,pumpswap,blockrazor,1735150.14468141,7.21348111300
Jupiter Agg,pancakeswap,astralane,26299598.6903685,6.97211252400
Terminal Trading Bot,pumpswap,temporal,236337.474401127,6.93450000000
Photon Frontend,raydium,bloxroute,175166.340225577,6.90655000000
Arb Bot (9i7Qd),orca,jito,597970.155520562,6.79646040600
Binance Wallet,pumpfun,blockrazor,414915.325687641,6.66796113600
Terminal Trading Bot,pumpswap,0slot,268061.973003612,6.63650000000
Jupiter Agg,aquifer,temporal,2797068.61277509,6.57060789700
Jupiter Agg,raydium,0slot,4774598.34215821,6.49385357900
Arb Bot (mine9),meteora,astralane,165710.166720722,6.43376183500
Jupiter Agg,pumpswap,helius,935303.076028369,6.43342600600
Maestro Trading Bot,meteora,astralane,190511.992704773,6.43060098100
Bloom Trading Bot,meteora,0slot,99433.859889295,6.35625612200
Jupiter Agg,scorch,jito,12349437.0677424,6.19193912800
Unknown Frontend,raydium,helius,947636.195899558,5.96054769000
Jupiter Agg,humidifi,helius,55186916.6588114,5.82590882400
Maestro Trading Bot,raydium,astralane,151382.112446665,5.74585088400
Arb Bot (88aaa),meteora,jito,729214.83092977,5.72982184700
Jupiter Agg,meteora,0slot,2969736.15560183,5.65365334500
Unknown Frontend,raydium,0slot,613238.43848026,5.63935652300
Arb Bot (A8g42),orca,jito,651516.772683234,5.50055085800
Axiom Frontend,pumpswap,astralane,6363938.66625459,5.41465774900
Axiom Frontend,orca,temporal_private,281854.995315436,5.33080321300
Maestro Trading Bot,raydium,0slot,104263.613763361,5.30205077000
Arb Bot (NA247),pumpswap,temporal,119750.367197513,5.23319641200
Jupiter Agg,tesserav,astralane,29381985.022051,5.11208516900
Unknown Frontend,pumpfun,temporal,218669.405902436,5.09383211300
Arb Bot (3URuD),raydium,jito,2398575.90223504,5.08667151400
Bitget DEX,obric,bloxroute,953405.984607329,5.06687024800
Arb Bot (3URuD),raydium,blockrazor,1688082.01390007,5.00801009400
Arb Bot (mine9),meteora,jito,512999.825014625,4.94375607600
Arb Bot (GMGNr),pumpswap,0slot,430043.50939125,4.93936691200
Jupiter Agg,meteora,bloxroute,1228485.17616902,4.92227696300
Arb Bot (NA247),meteora,helius,239553.825167013,4.91567950100
Jupiter Agg,pumpswap,astralane,828060.751822372,4.91146214000
Jupiter Agg,bisonfi,helius,124540550.111229,4.87533578700
Bloom Trading Bot,raydium,0slot,131848.906474112,4.86890354100
Unknown Frontend,raydium,temporal,293772.5028142,4.78015010400
Bloom Trading Bot,meteora,jito,71474.306830352,4.72383486000
Bitget DEX,manifest,bloxroute,1060397.3514769,4.71373859000
Binance Wallet,raydium,blockrazor,1410701.93147523,4.71281713600
Jupiter Agg,bisonfi,astralane,60222207.1523883,4.66341446600
Raydium Frontend,raydium,blockrazor,173743.5703716,4.66312388000
Maestro Trading Bot,meteora,0slot,123200.751000526,4.61810071300
Terminal Trading Bot,raydium,jito,146861.93683033,4.60025600000
Arb Bot (3Y186),meteora,jito,548523.444424627,4.49101374700
Jupiter Agg,stabble,temporal,434557.706746078,4.43910871700
Titan Exchange,tesserav,jito,11719589.8999018,4.42984957700
Bloom Trading Bot,meteora,helius,24491.580375442,4.35373878200
Binance Wallet,meteora,blockrazor,1576743.77419857,4.34588873600
Jupiter Agg,orca,helius,41941711.6541264,4.30655813400
Bloom Trading Bot,raydium,helius,27600.762349021,4.25482483500
Arb Bot (Rexhf),raydium,helius,1035441.14482501,4.23590493200
Jupiter Agg,tesserav,helius,68574291.0467141,4.17256267100
Axiom Frontend,dexscreener-moonshot,temporal_private,26675.109496782,4.05763417300
Jupiter Agg,pumpfun,astralane,189282.732459058,4.00095225900
Jupiter Agg,meteora,blockrazor,975864.322384333,3.99152829300
Arb Bot (3URuD),raydium,temporal,1358183.21958739,3.94472539200
Maestro Trading Bot,raydium,temporal,85811.05578218,3.94020062200
Arb Bot (Rexhf),pancakeswap,helius,1397049.73997354,3.81499457800
Arb Bot (2A6m4),meteora,stellium,531754.787515132,3.76328859500
Maestro Trading Bot,meteora,temporal,111120.452656057,3.75435059400
Maestro Trading Bot,raydium,stellium,84984.296522811,3.72675052000
Arb Bot (88aaa),orca,jito,706046.705986459,3.71235781500
Arb Bot (9GCBb),raydium,jito,207040.403611818,3.65578477700
Arb Bot (Pp5Nu),meteora,jito,282833.596040166,3.64526828900
Jupiter Agg,byreal,temporal,335767.07694643,3.60322539700
Jupiter Agg,pancakeswap,helius,48463884.6963323,3.58682719600
Jupiter Agg,humidifi,0slot,1097170.68895239,3.41673807000
Bloom Trading Bot,raydium,jito,79328.687649521,3.35840542300
Jupiter Agg,orca,0slot,2796668.28573417,3.29686587300
Jupiter Agg,solfi,helius,35347134.0432917,3.23286489700
Jupiter Agg,goonfi,helius,42157590.8160247,3.22787665100
Maestro Trading Bot,meteora,stellium,94661.599174768,3.21630051100
Bitget DEX,pancakeswap,bloxroute,313560.587651511,3.21577434200
Jupiter Agg,byreal,jito,4140540.55664992,3.17847096700
Arb Bot (9GCBb),pumpswap,jito,18013.968778441,3.11617057700
Jupiter Agg,goonfi,astralane,25978894.8196798,3.10612520200
Jupiter Agg,alphaq,helius,54494263.0943129,3.08987498300
Arb Bot (mine9),raydium,jito,382511.077899803,3.08193084500
Binance Wallet,tesserav,blockrazor,1276819.02414549,2.97877755300
Jupiter Agg,raydium,bloxroute,344816.877025343,2.95093716900
Arb Bot (sattC),pumpswap,jito,42900.661049363,2.94087454100
Jupiter Agg,byreal,0slot,2984119.84468741,2.93498709200
Arb Bot (9i7Qd),bisonfi,jito,893510.993917872,2.90345443300
Arb Bot (2A6m4),pumpswap,stellium,93157.412627948,2.88694624300
Arb Bot (GMGNr),pumpfun,0slot,157448.810415686,2.88552444400
Banana Gun Trading Bot,pumpswap,jito,115736.009929546,2.88046000000
Arb Bot (3Y186),orca,jito,578508.024613337,2.83898392000
Jupiter Agg,pumpswap,0slot,220159.350101166,2.82870814800
Jupiter Agg,raydium,blockrazor,239092.495161533,2.82353774300
Arb Bot (mine9),pumpswap,jito,64800.460771983,2.79827231200
Arb Bot (XxXxX),meteora,jito,132564.610935721,2.79462329500
Liquid Mesh Frontend,tesserav,helius,3531174.16482026,2.77656000000
Arb Bot (Rexhf),orca,helius,1494909.0533558,2.74697476100
Arb Bot (Rexhf),orca,stellium,610407.534768156,2.74326976700
Arb Bot (2A6m4),meteora,helius,389351.544621976,2.71734846500
Arb Bot (3URuD),raydium,0slot,1233640.16496273,2.71294400600
Arb Bot (sattC),pumpswap,temporal,48678.206497012,2.64418389900
Jupiter Agg,alphaq,astralane,51130397.9398579,2.62998091800
Arb Bot (MEMS5),orca,jito,1476162.59389258,2.61974408600
Binance Wallet,orca,blockrazor,562930.832158954,2.60263776800
Jupiter Agg,pumpswap,blockrazor,130657.22417016,2.56329714000
Photon Frontend,meteora,bloxroute,111861.580961495,2.55389000000
Orca Frontend,orca,stellium,190882.468243801,2.55300000000
Unknown Frontend,orca,0slot,128256.200642396,2.54490053400
Jupiter Agg,solfi,0slot,491322.520534634,2.48989256700
Arb Bot (GMGNr),raydium,0slot,124876.933360318,2.35702450700
Arb Bot (88aaa),bisonfi,jito,847802.653153753,2.35369443100
Unknown Frontend,raydium,blockrazor,206557.648748618,2.33535571100
Jupiter Agg,humidifi,bloxroute,489107.718424599,2.30110535000
Binance Wallet,humidifi,blockrazor,2140008.88391728,2.27854459100
Jupiter Agg,scorch,temporal,492310.843657013,2.26970969400
Arb Bot (2A6m4),pumpswap,helius,67684.905262145,2.25032881200
Arb Bot (2A6m4),raydium,jito,11715.517911799,2.24186127100
Liquid Mesh Frontend,stabble,helius,4197387.47557601,2.23696100000
Bloom Trading Bot,pumpswap,helius,96423.276370577,2.23641078600
Terminal Trading Bot,pumpswap,jito,105485.984235043,2.22687400000
Arb Bot (Rexhf),pumpswap,helius,59510.726248017,2.22244123900
Binance Wallet,goonfi,blockrazor,1340921.92057062,2.18996877200
Arb Bot (Rexhf),meteora,0slot,31143.545017087,2.18577247200
Unknown Frontend,raydium,bloxroute,192961.989168285,2.16507275600
Unknown Frontend,raydium,stellium,313864.933214495,2.16358302300
Arb Bot (7XdeQ),raydium,jito,303855.004926538,2.16327841200
Titan Exchange,meteora,jito,27163548.4222601,2.14602476900
Arb Bot (Rexhf),meteora,astralane,237485.296586768,2.12661687300
Arb Bot (3URuD),raydium,astralane,1427781.69651279,2.11734766100
Arb Bot (3URuD),raydium,helius,2601529.78576405,2.10903876400
Arb Bot (Rexhf),raydium,stellium,262327.180361551,2.06444607800
Jupiter Agg,orca,blockrazor,1101707.02217264,2.03742515100
Arb Bot (Rexhf),manifest,helius,794739.132501651,2.00903582400
Jupiter Agg,pancakeswap,blockrazor,539033.618314171,2.00600723600
Jupiter Agg,goonfi,0slot,344322.324003363,1.99211275600
Ave.ai Trading Bot,orca,jito,150271.787692794,1.98212496600
Arb Bot (Rexhf),pumpswap,stellium,32724.738539429,1.95940830700
Arb Bot (GMGNr),pumpswap,blockrazor,141334.937351885,1.93004283600
Arb Bot (mine9),bisonfi,jito,608122.644647957,1.90724214000
Arb Bot (7XdeQ),orca,jito,490596.000504248,1.90341907200
Unknown Frontend,manifest,jito,921374.829296763,1.87718417300
Titan Exchange,meteora,temporal,17182886.0101266,1.86487641900
Arb Bot (Rexhf),pancakeswap,stellium,152580.894180423,1.85967742000
Jupiter Agg,manifest,helius,48159917.5706154,1.85453046500
Unknown Frontend,pancakeswap,astralane,416337.497915963,1.85340614400
Arb Bot (SSSnR,zerofi,jito,1940524.62093508,1.84225811200
Arb Bot (XxXxX),raydium,jito,142168.260702325,1.84068377400
Arb Bot (2A6m4),meteora,astralane,182423.059259995,1.83530548600
Arb Bot (NA247),pumpswap,helius,78596.195624703,1.83418257400
Arb Bot (A8g42),pumpswap,jito,13176.780670343,1.83077346700
Jupiter Agg,zerofi,helius,27081478.4926352,1.81231141700
Maestro Trading Bot,raydium,jito,51192.052760439,1.81035023400
Arb Bot (Pp5Nu),pumpswap,jito,8063.131452644,1.79560452900
Bitget DEX,orca,bloxroute,698076.278302026,1.76409341500
Arb Bot (A8g42),bisonfi,jito,1432740.13175053,1.75521532100
OKX DEX,raydium,0slot,156694.28427432,1.73992239800
Jupiter Agg,pumpswap,bloxroute,190087.894445274,1.71999921900
Jupiter Agg,bisonfi,0slot,4891772.58626831,1.71457234200
Arb Bot (3Y186),raydium,jito,171522.768916551,1.71342981500
Arb Bot (SSSnR,bisonfi,jito,1435872.27492272,1.67918251700
Jupiter Agg,aquifer,helius,25283300.6455581,1.67648274400
Arb Bot (2A6m4),raydium,stellium,266381.938142129,1.65987353900
Maestro Trading Bot,meteora,jito,55557.699454742,1.63890025200
Photon Frontend,pumpswap,bloxroute,97053.370247047,1.61938000000
Arb Bot (2A6m4),pumpswap,astralane,45866.722279886,1.61119697200
Arb Bot (MEMS5),bisonfi,jito,1171855.20359301,1.59629145100
Arb Bot (mine9),meteora,helius,434258.104672885,1.58056078800
Banana Gun Trading Bot,pumpfun,jito,30172.045643748,1.57881000000
Unknown Frontend,orca,blockrazor,101712.921670995,1.56155302800
Axiom Frontend,meteora,jito,212682.177449689,1.55582661500
Maestro Trading Bot,meteora,blockrazor,58759.143529732,1.55160026500
Jupiter Agg,bisonfi,blockrazor,4404089.76909134,1.54904202300
Maestro Trading Bot,raydium,blockrazor,38360.158269851,1.53540024200
Arb Bot (Rexhf),orca,jito,30367.511511151,1.53398849500
Arb Bot (Rexhf),pumpswap,jito,220.770028538,1.53246356700
Arb Bot (sattC),meteora,jito,82746.135236507,1.52934385600
Arb Bot (SSSnR,meteora,jito,737771.053576143,1.51229670500
Arb Bot (3Y186),humidifi,jito,610807.634226828,1.49938058300
Arb Bot (9GCBb),orca,jito,425161.142696034,1.48632685400
Arb Bot (GMGNr),meteora,0slot,88359.798309237,1.48457567400
Arb Bot (AWyH),raydium,0slot,4021176.35830177,1.48260000000
Arb Bot (Pp5Nu),raydium,jito,77952.033446972,1.47894460600
Arb Bot (NA247),raydium,temporal,31751.350390256,1.45904551900
Jupiter Agg,tesserav,bloxroute,10235864.6591166,1.44434012000
Jupiter Agg,pumpswap,stellium,91371.172499029,1.42937467200
Jupiter Agg,alphaq,0slot,1300365.08474713,1.40911203200
Arb Bot (2A6m4),raydium,helius,127500.94208527,1.40771417100
Jupiter Agg,zerofi,bloxroute,227197.588621257,1.38656380200
Arb Bot (9i7Qd),humidifi,jito,383643.174408744,1.38530080500
Jupiter Agg,solfi,bloxroute,323461.252943988,1.37873706500
Arb Bot (9i7Qd),byreal,jito,16422.789687737,1.37873391800
Binance Wallet,solfi,0slot,433299.466276621,1.35847118500
Arb Bot (SSSnR,orca,jito,1152452.29145964,1.34871830400
Liquid Mesh Frontend,raydium,helius,1901607.48379398,1.33824800000
Unknown Frontend,orca,helius,1166737.9596105,1.33702439300
Arb Bot (mine9),pumpswap,astralane,29633.230005794,1.33464414700
Jupiter Agg,jupiter,jito,2372578.14915705,1.32990776400
Arb Bot (XxXxX),zerofi,jito,68189.954384916,1.32432821800
Photon Frontend,raydium,temporal,64641.371387325,1.31223000000
Arb Bot (2Vxcb),bisonfi,helius,7192526.30179457,1.30246640000
Arb Bot (2A6m4),meteora,temporal,65833.303687027,1.29155535900
Jupiter Agg,tesserav,0slot,4231209.66246545,1.28182040100
Arb Bot (XxXxX),pumpswap,helius,308773.283497668,1.27791271100
Arb Bot (3URuD),raydium,stellium,457598.634805114,1.27596323900
Arb Bot (Rexhf),raydium,astralane,211429.147502252,1.26599870000
Unknown Frontend,orca,bloxroute,110772.829806386,1.26405458900
Arb Bot (3URuD),raydium,bloxroute,450173.203341942,1.26050814000
Arb Bot (A8g42),meteora,stellium,7029.806372353,1.25459461400
Jupiter Agg,aquifer,astralane,26930984.63778,1.25280734000
Jupiter Agg,manifest,astralane,32786825.3121571,1.24046142000
Jupiter Agg,alphaq,bloxroute,174220.095865396,1.23851787500
Arb Bot (9GCBb),meteora,jito,15947.267356008,1.22388058700
Unknown Frontend,orca,astralane,499186.743401238,1.21484575000
Arb Bot (knc2o),pumpfun,astralane,90936.877227827,1.21460000000
Titan Exchange,solfi,jito,6216356.55822124,1.20722456800
Jupiter Agg,goonfi,bloxroute,142417.137486446,1.19337484700
Jupiter Agg,zerofi,0slot,814391.483729934,1.16963190800
Binance Wallet,pumpswap,0slot,312210.543801759,1.16309918900
Arb Bot (88aaa),phoenix,jito,102384.760931322,1.16254466200
Axiom Frontend,dexscreener-moonshot,0slot,17887.530649528,1.15788573500
Arb Bot (XxXxX),meteora,0slot,177243.987346241,1.15395010300
OKX DEX,zerofi,0slot,108078.533369239,1.14931489800
Jupiter Agg,solfi,astralane,20592590.9738615,1.14844352400
Arb Bot (9GCBb),humidifi,jito,503740.910894081,1.14124943200
Binance Wallet,pancakeswap,blockrazor,149949.464156957,1.14004577700
Binance Wallet,pumpfun,0slot,75272.939022735,1.13795149800
Arb Bot (MEMS5),meteora,jito,807031.302198518,1.13781405600
Axiom Frontend,raydium,jito,183767.302802507,1.13251680200
Arb Bot (Rexhf),meteora,jito,2475.999472892,1.13113503500
GMGN Trading Bot,pumpfun,jito,307740.602515011,1.11184696800
OKX DEX,alphaq,0slot,69877.58588136,1.10980852600
Arb Bot (CoTh2),pancakeswap,jito,9358624.19816348,1.09919692700
Binance Wallet,alphaq,blockrazor,1422249.99275229,1.09542308200
Arb Bot (mine9),orca,jito,397518.836525787,1.09366573100
Jupiter Agg,phoenix,jito,766705.545200422,1.08641014800
Binance Wallet,stabble,blockrazor,262806.180639911,1.07608560800
Arb Bot (Duvq),bisonfi,helius,6953003.35029065,1.07100130600
Jupiter Agg,zerofi,astralane,23990424.2217569,1.06799467300
Binance Wallet,bisonfi,blockrazor,856216.776662855,1.06757599000
Jupiter Agg,bisonfi,bloxroute,8722051.0646653,1.06084418700
Titan Exchange,alphaq,jito,18503159.1589643,1.05928589800
Arb Bot (sattC),raydium,jito,67827.26782482,1.05478410000
DFlow Frontend,meteora,jito,1193770.36670923,1.05321925500
Arb Bot (A8g42),humidifi,jito,134971.404079081,1.05190055700
Arb Bot (XxXxX),pumpswap,0slot,63261.528037441,1.05067120600
Arb Bot (Rexhf),phoenix,helius,316040.83678441,1.04889494300
Arb Bot (9GCBb),solfi,jito,459879.77716456,1.04885138300
DFlow Frontend,pumpswap,jito,346513.761027578,1.04612218000
Arb Bot (sattC),pumpswap,helius,26617.334362662,1.04062761400
Arb Bot (sattC),meteora,temporal,116249.525429975,1.02750657300
Arb Bot (MEMS5),raydium,jito,918563.313561111,1.02647850900
Arb Bot (2A6m4),pumpswap,temporal,21047.683376598,1.02421888800
Photon Frontend,pumpfun,jito,104575.948177437,1.01519500000
Arb Bot (GMGNr),pumpfun,blockrazor,52910.927188883,1.01417870000
Arb Bot (9GCBb),pumpfun,jito,877.341985406,1.01008384400
Arb Bot (88aaa),raydium,jito,301270.753445467,0.99589647200
OKX DEX,solfi,0slot,141634.450694938,0.99458369900
Jupiter Agg,pumpfun,bloxroute,28248.412987162,0.98993336300
Arb Bot (CoTh2),pancakeswap,helius,42624706.3195122,0.98371521500
OKX DEX,raydium,stellium,42494.831902268,0.97312231600
Arb Bot (Rexhf),orca,astralane,320141.896156832,0.96957183000
Arb Bot (sattC),orca,jito,147852.196243743,0.95880017700
Arb Bot (mine9),pumpswap,helius,41820.762041829,0.95865137200
Jupiter Agg,tesserav,blockrazor,4770884.92358833,0.95493927100
Jupiter Agg,saber,jito,1424528.62482389,0.95041631700
Arb Bot (XxXxX),orca,jito,104013.34589914,0.94653086100
Arb Bot (7XdeQ),humidifi,jito,971002.175003952,0.94277692000
Binance Wallet,phoenix,blockrazor,107148.787442265,0.93504646400
Arb Bot (Duvq),meteora,helius,1427048.84447938,0.91806369200
Arb Bot (MEMS5),alphaq,jito,4952267.89332489,0.91085747900
Binance Wallet,aquifer,blockrazor,936298.407192471,0.90976366400
Arb Bot (2Vxcb),meteora,helius,3883072.29722679,0.90066566700
OKX DEX,goonfi,0slot,167732.188200156,0.89910352600
Jupiter Agg,tesserav,stellium,5840705.19425234,0.89592384300
Arb Bot (A8g42),meteora,0slot,6089.724836639,0.89413689400
Arb Bot (zrVF),bisonfi,helius,7570226.60352121,0.89381209500
Unknown Frontend,orca,stellium,245365.213380133,0.89286911600
Jupiter Agg,invariant,temporal,1480.604085744,0.88595550400
Titan Exchange,alphaq,temporal,6793919.40831348,0.88084865300
Arb Bot (2A6m4),orca,stellium,955360.320996558,0.87988881400
Arb Bot (knc2o),pumpfun,jito,52022.13937192,0.87640000000
Jupiter Agg,byreal,helius,827398.755163845,0.86961762900
Arb Bot (Rexhf),manifest,stellium,387773.790117535,0.86898238400
Orca Frontend,orca,blockrazor,809.57000279,0.86807000000
Titan Exchange,goonfi,jito,12961781.6701798,0.86244452400
Arb Bot (XxXxX),bisonfi,jito,50181.510536743,0.84089842100
Arb Bot (SSSnR,humidifi,jito,1533616.0182455,0.83563338700
Arb Bot (XxXxX),bisonfi,helius,7925796.09155979,0.83440803800
Arb Bot (sattC),meteora,helius,39882.422900607,0.82938741400
Arb Bot (Duvq),raydium,helius,409648.559758764,0.82890261500
Arb Bot (3Y186),pumpswap,jito,7746.459346484,0.82668099600
Arb Bot (8aqua),humidifi,blockrazor,279497.081132162,0.81384673500
Arb Bot (8aqua),jupiter,blockrazor,279988.632,0.81384673500
Arb Bot (2A6m4),raydium,astralane,106589.74080747,0.80748422800
Jupiter Agg,scorch,helius,1464406.29314419,0.80020986000
Arb Bot (A8g42),pancakeswap,jito,539053.393699676,0.79880009700
Arb Bot (8aqua),jupiter,temporal,219875.189735849,0.79830661400
Arb Bot (8aqua),humidifi,temporal,219362.682722961,0.79830661400
Arb Bot (mine9),raydium,helius,309700.527077307,0.79599435500
Arb Bot (mine9),bisonfi,helius,1298757.68162146,0.78401693600
Jupiter Agg,pancakeswap,0slot,1388368.80995965,0.78261194600
Arb Bot (88aaa),zerofi,jito,585059.375601177,0.77769551400
Arb Bot (NA247),meteora,astralane,28018.683047938,0.77377072100
Arb Bot (2Vxcb),pancakeswap,helius,4633368.91820773,0.76867695800
Arb Bot (2A6m4),meteora,bloxroute,62496.152213978,0.75866793100
Arb Bot (2Vxcb),humidifi,helius,7177391.90944348,0.75822359100
Axiom Frontend,meteora,astralane,341021.820320892,0.75430109800
Binance Wallet,meteora,0slot,274114.564478677,0.75169695000
Arb Bot (mine9),zerofi,jito,296026.50413951,0.75166293400
OKX DEX,meteora,0slot,361169.406936106,0.75049625000
Jupiter Agg,byreal,astralane,1579764.50073331,0.74805157800
Arb Bot (2Vxcb),orca,helius,3893896.18956405,0.74467646300
Arb Bot (3URuD),meteora,jito,689635.3582967,0.74142488500
Arb Bot (9i7Qd),stabble,jito,222083.707137483,0.73978764100
Arb Bot (Pp5Nu),orca,jito,115236.356009086,0.73347820500
Arb Bot (mine9),byreal,jito,96438.725086921,0.73284272900
Arb Bot (2A6m4),raydium,temporal,32483.694013984,0.73129697600
Liquid Mesh Frontend,pancakeswap,helius,80425.320814266,0.72494500000
OKX DEX,meteora,astralane,1967120.81290104,0.72475446500
Arb Bot (88aaa),pancakeswap,jito,313682.501250036,0.72087221400
Arb Bot (9GCBb),raydium,helius,354671.340700173,0.71867483000
Maestro Trading Bot,orca,astralane,18118.266221898,0.71650011200
Titan Exchange,orca,jito,11688637.3104489,0.70814602600
Arb Bot (2A6m4),orca,helius,690183.201855565,0.70342988900
Arb Bot (mine9),orca,astralane,199631.540214227,0.70044571600
Arb Bot (XxXxX),pumpswap,jito,16148.677184374,0.69398273100
Arb Bot (AWyH),raydium,jito,365286.834348084,0.69379412800
Arb Bot (HpN),pancakeswap,jito,3673121.74349493,0.68054763600
Binance Wallet,raydium,0slot,244472.557464733,0.67888922000
Jupiter Agg,manifest,bloxroute,119658.848307111,0.67046325000
Binance Wallet,humidifi,0slot,513120.199629666,0.66823499500
Arb Bot (2A6m4),orca,jito,10601.970039725,0.66506748500
Liquid Mesh Frontend,meteora,helius,650317.88597444,0.66336100000
Titan Exchange,goonfi,temporal,4969667.41347334,0.66136926100
Arb Bot (XxXxX),orca,helius,1712683.83567027,0.66114224300
Arb Bot (NA247),pumpswap,astralane,9790.853303151,0.65606604100
DFlow Frontend,raydium,jito,541045.836729997,0.65418993000
Arb Bot (GMGNr),raydium,blockrazor,44063.443549663,0.65247854200
Jupiter Agg,raydium,stellium,61435.981169843,0.64450272700
Arb Bot (SSSnR,alphaq,jito,5082149.51730088,0.63378357600
Jupiter Agg,pumpfun,0slot,14740.571041144,0.63076635800
Arb Bot (2Vxcb),raydium,helius,2479440.02113802,0.62755632900
Jupiter Agg,jupiter,helius,3754563.45940026,0.62376057500
OKX DEX,manifest,0slot,27276.854010511,0.61590352600
Jupiter Agg,meteora,stellium,906859.807064341,0.61490799500
Arb Bot (9GCBb),raydium,stellium,403534.791469965,0.61172668200
Arb Bot (XxXxX),byreal,helius,136528.218135309,0.60897763200
Liquid Mesh Frontend,orca,helius,705829.001022473,0.60001600000
Arb Bot (XxXxX),humidifi,jito,64460.876995284,0.59154734300
Arb Bot (3Y186),pancakeswap,jito,107050.860880222,0.58866519000
Arb Bot (Rexhf),meteora,temporal,13407.638677493,0.58789412700
Arb Bot (NA247),meteora,stellium,23534.622061534,0.58782583100
Arb Bot (MEMS5),manifest,jito,3253886.41929256,0.58394187700
OKX DEX,raydium,blockrazor,30580.727214027,0.58065342800
Arb Bot (3URuD),byreal,jito,293574.054441837,0.57862695300
Arb Bot (Pp5Nu),bisonfi,helius,7318652.06443925,0.56848363900
Arb Bot (mine9),pancakeswap,jito,284102.87049849,0.56629081800
Axiom Frontend,orca,0slot,92266.392481934,0.56175894300
Jupiter Agg,bisonfi,stellium,3946272.91438471,0.55801124100
Arb Bot (9GCBb),pumpswap,stellium,17916.238401942,0.55024649800
Jupiter Agg,byreal,blockrazor,4343.872023879,0.55018907200
Arb Bot (XxXxX),raydium,0slot,57784.881669002,0.54024754600
Arb Bot (Rexhf),raydium,0slot,10510.84785854,0.53903884700
Titan Exchange,raydium,jito,4724315.83969153,0.53718596900
Arb Bot (2A6m4),pumpswap,bloxroute,14688.291504497,0.52763912000
Arb Bot (sattC),tesserav,jito,115286.182104941,0.52582515100
Arb Bot (88aaa),manifest,jito,1982864.62511504,0.51981844900
Arb Bot (3URuD),pancakeswap,jito,856584.26817444,0.51794842900
Arb Bot (Rexhf),pumpswap,0slot,3995.297846252,0.51793884000
Arb Bot (Rexhf),pumpswap,astralane,15414.70083871,0.51750723900
Jupiter Agg,phoenix,astralane,600595.816339318,0.51645500300
Arb Bot (SSSnR,manifest,jito,3568171.01857628,0.51610865300
Arb Bot (Rexhf),pancakeswap,astralane,102277.287722222,0.51124180300
Arb Bot (Rexhf),phoenix,stellium,57794.848746456,0.50936668300
Arb Bot (BzKg),bisonfi,stellium,3233734.16314457,0.50538427400
Arb Bot (Pp5Nu),humidifi,jito,266848.296765544,0.50346717900
Arb Bot (MEMS5),zerofi,jito,1882039.2501843,0.50074726800
Titan Exchange,humidifi,jito,4211143.18458572,0.49952958600
OKX DEX,humidifi,0slot,141978.87466907,0.49615000000
OKX DEX,tesserav,0slot,107583.123107167,0.49460250000
Arb Bot (3URuD),byreal,astralane,258552.411890781,0.49399928700
Arb Bot (Duvq),bisonfi,stellium,3554709.48479429,0.49309665200
Binance Wallet,orca,0slot,138353.925773493,0.49225447500
Arb Bot (King7),meteora,astralane,8411.868460451,0.48755890000
Titan Exchange,orca,temporal,7040817.82130074,0.48601548000
Arb Bot (9i7Qd),meteora,stellium,277612.666371181,0.48565087600
Arb Bot (3URuD),meteora,blockrazor,342103.749250461,0.48149454300
Photon Frontend,pumpswap,temporal,82342.4336835,0.48030000000
Jupiter Agg,whalestreet,jito,728030.015811,0.47922466400
Arb Bot (9GCBb),pumpswap,helius,22558.89565063,0.47716481800
GMGN Trading Bot,pumpfun,helius,32641.979127615,0.47289570100
Arb Bot (2A6m4),orca,astralane,518119.778165809,0.47195403400
Arb Bot (XxXxX),meteora,bloxroute,146168.940325509,0.47026719200
OKX DEX,bisonfi,0slot,96735.7017313,0.46708619900
Maestro Trading Bot,orca,0slot,8584.197668704,0.46600007200
Arb Bot (9i7Qd),meteora,helius,255449.812988468,0.46400395700
Arb Bot (CoTh2),pancakeswap,astralane,3984663.58326595,0.46126576900
Arb Bot (7XdeQ),bisonfi,helius,10095088.8584713,0.46056186000
Liquid Mesh Frontend,pumpswap,helius,47798.033588664,0.45947000000
Arb Bot (mine9),meteora,bloxroute,75471.250138051,0.45940436200
Arb Bot (sattC),raydium,temporal,16512.783599593,0.45825518600
Arb Bot (XxXxX),manifest,bloxroute,21101.595521846,0.45504811600
Arb Bot (3URuD),meteora,astralane,452194.392022724,0.45473508600
Arb Bot (Rexhf),pancakeswap,0slot,4828.575507858,0.44882677800
Titan Exchange,aquifer,jito,2410149.35577836,0.44782205800
OKX DEX,pumpswap,stellium,14772.324983895,0.44476676300
Arb Bot (CoTh2),orca,jito,3797105.62108479,0.44457644400
Arb Bot (7XdeQ),pancakeswap,jito,192399.113296646,0.44441439600
Arb Bot (3Y186),manifest,jito,195186.780441767,0.43781801100
Binance Wallet,manifest,blockrazor,1691387.05445047,0.43712771300
Arb Bot (mine9),bisonfi,astralane,561685.859468492,0.43676241100
Arb Bot (2A6m4),raydium,bloxroute,44026.283419934,0.43667999700
Arb Bot (BxM),meteora,stellium,74105.065913858,0.43610069100
OKX DEX,zerofi,stellium,22721.898065111,0.43563231600
Arb Bot (9GCBb),orca,stellium,1199019.73328619,0.43557337100
Arb Bot (mine9),orca,helius,302222.411014891,0.43546576700
Binance Wallet,tesserav,0slot,259916.217236883,0.43333428100
Arb Bot (9GCBb),orca,helius,810421.054331952,0.42979868000
Arb Bot (3URuD),orca,jito,693137.165630193,0.42334464300
Arb Bot (XxXxX),humidifi,helius,2379870.54641543,0.42321786300
Arb Bot (88aaa),stabble,jito,729885.149212559,0.42066357800
Jupiter Agg,phoenix,temporal,295485.112775229,0.42013214800
Jupiter Agg,aquifer,bloxroute,266234.635204369,0.41960725800
Titan Exchange,orca,astralane,1644470.6759154,0.41956000000
Arb Bot (BxM),meteora,blockrazor,40841.189962974,0.41622389700
Arb Bot (88aaa),byreal,jito,110455.49415643,0.41607238000
Titan Exchange,solfi,temporal,1844009.99707835,0.41504622600
Arb Bot (A8g42),manifest,jito,146457.72199654,0.41078894600
Titan Exchange,raydium,temporal,2795946.63125229,0.41024219800
Arb Bot (2Vxcb),manifest,helius,3102239.44645123,0.40602366200
Arb Bot (MEVi),meteora,temporal,7083.69226019,0.40534679800
Arb Bot (mine9),raydium,astralane,123838.344055741,0.40408743200
Arb Bot (Pp5Nu),bisonfi,stellium,4904153.7171844,0.40402809000
Arb Bot (9GCBb),bisonfi,helius,1565927.89573179,0.40205787200
Jupiter Agg,manifest,0slot,588926.125496334,0.39858296800
Arb Bot (3URuD),pancakeswap,astralane,705177.122333561,0.39845310300
Arb Bot (XxXxX),pumpswap,bloxroute,21414.783069135,0.39783253500
Arb Bot (XxXxX),manifest,helius,217075.102546502,0.39771783100
OKX DEX,orca,0slot,215291.395065693,0.39740000000
Unknown Frontend,pancakeswap,helius,404742.937487341,0.39533338900
OKX DEX,goonfi,stellium,15951.008782886,0.39366666600
Arb Bot (9GCBb),orca,bloxroute,256809.688995956,0.39306727600
Arb Bot (CoTh2),orca,helius,17312468.5716229,0.39248600900
Arb Bot (2A6m4),meteora,blockrazor,44654.336724911,0.38894552400
Arb Bot (mine9),pancakeswap,helius,714303.883831974,0.38849099400
DFlow Frontend,alphaq,jito,377866.36664289,0.38666536200
Arb Bot (GMGNr),meteora,blockrazor,24135.666617517,0.38594824100
DFlow Frontend,bisonfi,jito,798150.917294295,0.38383604500
Titan Exchange,manifest,jito,23758211.8000861,0.38226916600
Binance Wallet,goonfi,0slot,237770.785940419,0.38210148000
Jupiter Agg,saber,temporal,24975.884519486,0.37990012400
Arb Bot (HpN),pancakeswap,helius,11828033.0108091,0.37859000000
Jupiter Agg,pancakeswap,bloxroute,384056.432924882,0.37580067100
DFlow Frontend,pancakeswap,jito,230151.865091743,0.37500099500
OKX DEX,orca,astralane,2325634.08794648,0.37287060800
Arb Bot (8aqua),bisonfi,helius,211901.054407163,0.37052733400
Arb Bot (8aqua),jupiter,helius,217471.377890395,0.37052733400
Arb Bot (MEVi),pumpswap,temporal,9127.839247493,0.36855050100
Arb Bot (AWyH),orca,0slot,1363343.8947716,0.36780000000
Arb Bot (SSSnR,raydium,jito,233864.575536798,0.36710184800
Arb Bot (GMGNr),orca,0slot,36693.948467488,0.36583338900
Arb Bot (XxXxX),bisonfi,bloxroute,1462814.03995939,0.36404585300
Titan Exchange,humidifi,temporal,2513773.63046658,0.36243954500
Arb Bot (BzKg),bisonfi,helius,7003895.88179238,0.36114700200
Arb Bot (sattC),bisonfi,jito,154206.745498082,0.35928903200
Arb Bot (9GCBb),raydium,bloxroute,114491.627732882,0.35910666000
Arb Bot (BxM),raydium,stellium,40419.799087704,0.35264854900
OKX DEX,alphaq,stellium,9791.63652509,0.35106766600
Arb Bot (3Y186),bisonfi,helius,4212922.34631704,0.35066758800
Jupiter Agg,orca,bloxroute,737973.049699462,0.35056600200
Arb Bot (MEMS5),pumpswap,jito,25088.639026914,0.34892718600
Titan Exchange,byreal,astralane,687984.291871326,0.34868000000
Arb Bot (Rexhf),phoenix,0slot,7282.877419817,0.34772203500
Jupiter Agg,whalestreet,temporal,107490.750430881,0.34589211800
Arb Bot (9GCBb),bisonfi,stellium,1691809.40231077,0.34395976200
Arb Bot (BxM),meteora,helius,425421.752175054,0.34311498500
Arb Bot (King7),pumpswap,bloxroute,9564.814484639,0.34306818900
Axiom Frontend,raydium,astralane,331582.442425861,0.34305338700
Arb Bot (MEMS5),meteora,astralane,3450326.11228474,0.34090000000
Arb Bot (NA247),meteora,jito,839170.827018019,0.34015448200
Arb Bot (MEVi),raydium,temporal,6782.000232338,0.33893247400
Arb Bot (3URuD),orca,astralane,584417.625566822,0.33857773500
Arb Bot (Rexhf),manifest,0slot,13096.923853921,0.33762056900
Arb Bot (7XdeQ),bisonfi,stellium,7097359.27874161,0.33673275400
Arb Bot (SSSnR,phoenix,jito,126123.115585939,0.33391503000
Arb Bot (9i7Qd),orca,stellium,332708.949069632,0.33350391000
Arb Bot (mine9),tesserav,jito,97172.117848299,0.33107125100
Arb Bot (3URuD),meteora,0slot,306118.378019843,0.33103703400
Arb Bot (3URuD),meteora,helius,706659.152621078,0.33050437100
Arb Bot (XxXxX),solfi,helius,2115914.4022205,0.32946625200
Binance Wallet,pumpfun,jito,118570.608091894,0.32731733000
Arb Bot (88aaa),alphaq,jito,1705518.82343096,0.32696370400
Arb Bot (5bsFr),bisonfi,stellium,2490748.20325998,0.32656546000
Arb Bot (NA247),raydium,helius,25326.535101965,0.32587912600
Banana Gun Trading Bot,pumpfun,bloxroute,2818.481239006,0.32470000000
OKX DEX,raydium,bloxroute,19926.461035139,0.32262834100
Binance Wallet,zerofi,blockrazor,232644.279670548,0.32228567000
Arb Bot (3URuD),byreal,blockrazor,138600.124668676,0.32224178800
Arb Bot (XxXxX),raydium,bloxroute,74524.328516282,0.32175755600
Titan Exchange,aquifer,temporal,884565.400495671,0.32117477200
Arb Bot (Rexhf),manifest,astralane,264068.312757156,0.32097499300
Arb Bot (Rexhf),orca,0slot,76836.916108608,0.31816477300
Arb Bot (MEMS5),alphaq,temporal,2131908.3387068,0.31800000000
Arb Bot (XxXxX),manifest,jito,7684.350188521,0.31773453300
DFlow Frontend,orca,jito,110725.989710533,0.31749892400
Jupiter Agg,orca,stellium,1440521.36410151,0.31680081800
Unknown Frontend,bisonfi,temporal,30205.456992856,0.31624832800
Jupiter Agg,stabble,helius,2896610.93087276,0.31585457900
Binance Wallet,pumpswap,jito,1230068.90817734,0.31400730600
Arb Bot (Pp5Nu),bisonfi,bloxroute,3758468.13181774,0.31336784500
Unknown Frontend,humidifi,helius,832481.425039696,0.30846542000
Arb Bot (2Vxcb),bisonfi,jito,351404.291531058,0.30800166500
Banana Gun Trading Bot,pumpswap,bloxroute,9590.927071866,0.30700000000
Arb Bot (9GCBb),raydium,astralane,158814.496633079,0.30473472100
Arb Bot (XxXxX),humidifi,bloxroute,777166.409538527,0.30359896400
Arb Bot (mine9),tesserav,helius,250759.498596433,0.30270018500
Jupiter Agg,pancakeswap,stellium,461834.376971995,0.30218745400
Jupiter Agg,whalestreet,blockrazor,0.002417083231,0.29900000000
Arb Bot (BxM),meteora,0slot,76991.063871319,0.29803115900
Arb Bot (MEMS5),meteora,temporal,409883.692775846,0.29800000000
Binance Wallet,manifest,0slot,295182.010721887,0.29683882100
Arb Bot (XxXxX),humidifi,0slot,366497.051016419,0.29669708600
Titan Exchange,meteora,astralane,887728.677058159,0.29429022200
Unknown Frontend,bisonfi,jito,767899.284635518,0.29383009200
Arb Bot (2A6m4),orca,temporal,44232.247129875,0.29350003200
Byreal Frontend,byreal,astralane,524329.766882846,0.29295000000
Arb Bot (zrVF),pancakeswap,helius,1925603.31337584,0.29249120600
Arb Bot (XxXxX),orca,0slot,129818.978676594,0.29204324300
Titan Exchange,manifest,temporal,7252335.53021071,0.29127675200
Jupiter Agg,aquifer,0slot,101948.194658069,0.29001072500
Jupiter Agg,mercurial,temporal,1664.428775265,0.28728170600
Arb Bot (XxXxX),bisonfi,stellium,1209141.87664468,0.28725245500
Arb Bot (XxXxX),pancakeswap,helius,3383396.90316307,0.28695142400
Arb Bot (HpN),pancakeswap,astralane,408778.177672476,0.28690374000
Arb Bot (2A6m4),bisonfi,stellium,1326635.17775601,0.28609532000
Photon Frontend,meteora,temporal,23540.856278438,0.28606000000
Arb Bot (HpN),pancakeswap,temporal,205078.646836691,0.28552172200
Arb Bot (MEMS5),raydium,astralane,2325736.3494212,0.28331000000
Arb Bot (XxXxX),bisonfi,0slot,378804.194397557,0.28165743300
Arb Bot (XxXxX),raydium,temporal,33144.708232709,0.28064630800
Arb Bot (9i7Qd),raydium,stellium,107414.176017644,0.28024427100
Arb Bot (SSSnR,jupiter,helius,545015.717095982,0.27993881300
Arb Bot (MEMS5),orca,temporal,564704.694998501,0.27900000000
Arb Bot (3URuD),byreal,helius,356726.256257734,0.27795751600
Arb Bot (3URuD),meteora,temporal,189421.942154491,0.27776503700
Arb Bot (XxXxX),zerofi,0slot,291890.549990122,0.27252403200
Arb Bot (King7),pumpswap,astralane,1781.373933033,0.27215561000
Arb Bot (Pp5Nu),bisonfi,astralane,3427429.95523873,0.27078552300
Arb Bot (2A6m4),pumpswap,blockrazor,6783.062033416,0.26498939900
Arb Bot (A8g42),phoenix,jito,14324.295235684,0.26423477200
OKX DEX,solfi,jito,3355911.99561227,0.26264563200
Arb Bot (CoTh2),orca,astralane,2267567.12224067,0.26252582400
Arb Bot (3Y186),bisonfi,stellium,3318733.09991927,0.26051314100
Jupiter Agg,invariant,jito,25017.373268136,0.26030203900
Arb Bot (3URuD),orca,helius,980961.701781083,0.25890929500
Arb Bot (XxXxX),byreal,jito,15764.537306093,0.25860846100
Unknown Frontend,orca,temporal,26270.443800643,0.25835939000
Arb Bot (3URuD),byreal,0slot,139367.962636051,0.25664125000
Unknown Frontend,jupiter,helius,514967.357458902,0.25580547900
Unknown Frontend,saber,jito,51097.577674343,0.25580268100
Arb Bot (3URuD),pancakeswap,helius,1002863.60725234,0.25469564700
Arb Bot (Pp5Nu),pancakeswap,jito,71362.013800602,0.25441648900
Arb Bot (2A6m4),bisonfi,helius,1031140.51403481,0.25403636500
OKX DEX,pumpswap,0slot,31496.285737061,0.25263575000
Arb Bot (8aqua),solfi,helius,22644.262787856,0.25191299600
Arb Bot (8aqua),raydium,helius,22526.718321416,0.25191299600
Arb Bot (8aqua),humidifi,helius,22523.8293704,0.25191299600
Unknown Frontend,pancakeswap,stellium,40598.239723024,0.25119394700
Arb Bot (mine9),zerofi,helius,200982.160437699,0.25084012200
Arb Bot (9i7Qd),solfi,jito,90523.671951228,0.25070823200
Arb Bot (MEMS5),orca,astralane,2453170.19907458,0.24930000000
Maestro Trading Bot,orca,temporal,4475.203676969,0.24900005400
OKX DEX,meteora,stellium,6091.617721809,0.24890083300
Titan Exchange,zerofi,jito,3529777.64251129,0.24784065700
Arb Bot (MEMS5),bisonfi,astralane,7336172.19146481,0.24552000000
Titan Exchange,tesserav,helius,14950180.4277613,0.24525000000
Arb Bot (88aaa),bisonfi,temporal,81853.842745998,0.24462305000
Arb Bot (88aaa),jupiter,temporal,82245.68,0.24462305000
Arb Bot (AWyH),orca,jito,141882.345781567,0.24398600500
Maestro Trading Bot,orca,stellium,6215.99548622,0.24350004800
Arb Bot (mine9),meteora,blockrazor,10117.576670378,0.24232412600
Jupiter Agg,whalestreet,astralane,1165552.62500556,0.24208606500
Arb Bot (3URuD),byreal,temporal,106300.580962016,0.24156741400
Arb Bot (AWyH),meteora,jito,95462.891704837,0.23900115200
OKX DEX,zerofi,blockrazor,15374.821426118,0.23788022800
Arb Bot (9i7Qd),pancakeswap,jito,7684.530612086,0.23783894800
Arb Bot (2Vxcb),pumpswap,helius,79588.909087269,0.23776268100
Arb Bot (7XdeQ),manifest,jito,642852.564252092,0.23767421300
OKX DEX,tesserav,astralane,15225400.901992,0.23598519900
OKX DEX,pancakeswap,0slot,45443.395491688,0.23495000000
Arb Bot (NA247),pumpswap,jito,326400.927360254,0.23467769900
Arb Bot (9GCBb),raydium,0slot,34331.349191976,0.23383144700
Arb Bot (9GCBb),orca,blockrazor,357008.090799388,0.23368229500
Titan Exchange,raydium,astralane,323821.945189171,0.23207000000
Arb Bot (XxXxX),orca,bloxroute,167967.914507418,0.23191795000
Arb Bot (XxXxX),phoenix,jito,1320.61262539,0.23101391600
Arb Bot (MEMS5),bisonfi,temporal,1153255.8246234,0.23100000000
OKX DEX,byreal,astralane,429846.607254435,0.22970000000
Arb Bot (Duvq),meteora,stellium,776029.759180476,0.22883373400
Arb Bot (9i7Qd),pumpswap,stellium,3466.463605291,0.22846250200
Titan Exchange,obric,jito,6233046.8516457,0.22843741600
Jupiter Agg,stabble,astralane,3579772.2382151,0.22750158400
Arb Bot (Pp5Nu),bisonfi,blockrazor,3912742.57040367,0.22492888100
OKX DEX,solfi,stellium,9984.23147817,0.22453331600
Arb Bot (2Vxcb),meteora,jito,100912.04667638,0.22426154800
Jupiter Agg,phoenix,helius,2030064.77823246,0.22398527000
Arb Bot (XxXxX),byreal,temporal,1117.591071538,0.22385757900
Arb Bot (King7),meteora,stellium,7302.182866223,0.22306066900
Arb Bot (King7),orca,astralane,71429.450873863,0.22297730900
Arb Bot (A8g42),raydium,stellium,10625.962080703,0.22252745500
Arb Bot (SSSnR,humidifi,helius,874493.961193473,0.22173641700
Arb Bot (zrVF),manifest,helius,2411602.26087839,0.22164686800
Arb Bot (MEMS5),orca,stellium,275309.521110855,0.22100000000
Arb Bot (2A6m4),orca,bloxroute,22347.288810412,0.21939961700
Arb Bot (XxXxX),meteora,stellium,81317.577970924,0.21924211000
Arb Bot (9GCBb),bisonfi,bloxroute,732562.416626494,0.21916103000
Arb Bot (sattC),orca,temporal,203857.027807094,0.21877843200
OKX DEX,pumpswap,jito,335445.117736274,0.21730388900
Arb Bot (MEMS5),meteora,stellium,326217.982739352,0.21700000000
Arb Bot (9i7Qd),meteora,astralane,136726.622042921,0.21673042300
Arb Bot (2Vxcb),orca,jito,77436.273131359,0.21527772400
Arb Bot (Pp5Nu),bisonfi,0slot,2575971.43623905,0.21526441600
Arb Bot (8aqua),meteora,bloxroute,644.182311506,0.21494130100
Arb Bot (88aaa),meteora,0slot,4074.544197524,0.21410087400
Arb Bot (88aaa),orca,0slot,3978.630528866,0.21410087400
OKX DEX,goonfi,blockrazor,8790.314970996,0.21306733200
DFlow Frontend,zerofi,jito,968779.890724861,0.21279977800
Arb Bot (XxXxX),tesserav,temporal,3791.710104119,0.20799991400
Arb Bot (Rexhf),byreal,helius,15151.483985708,0.20748965500
OKX DEX,pumpswap,blockrazor,8348.863356898,0.20740300000
Arb Bot (SSSnR,pancakeswap,jito,195134.330623233,0.20619813100
Arb Bot (7XdeQ),bisonfi,bloxroute,4784525.02630698,0.20608385300
Titan Exchange,orca,0slot,222583.072427278,0.20575000000
Unknown Frontend,bisonfi,helius,921766.064990886,0.20524636300
Arb Bot (MEMS5),bisonfi,stellium,525735.316916816,0.20400000000
Arb Bot (MEMS5),goonfi,jito,931798.342713344,0.20343163300
Arb Bot (MEMS5),humidifi,astralane,3876180.45499208,0.20293000000
Titan Exchange,humidifi,helius,10731929.0245675,0.20254500000
Arb Bot (9GCBb),orca,astralane,330079.824388417,0.20226811500
Arb Bot (5bsFr),bisonfi,helius,3446198.14127556,0.20214190000
Arb Bot (MEMS5),aquifer,jito,147870.981746146,0.20167679100
Arb Bot (Pp5Nu),manifest,helius,2522282.68781464,0.20108444100
Titan Exchange,tesserav,temporal,1438224.97745177,0.20035175900
Arb Bot (BxM),raydium,helius,148352.858384749,0.19960554800
Arb Bot (AWyH),meteora,0slot,381558.631018761,0.19920000000
Arb Bot (88aaa),solfi,jito,183755.080240798,0.19850857700
Arb Bot (sattC),humidifi,temporal,403916.650656737,0.19831656100
Arb Bot (XxXxX),meteora,blockrazor,52032.205944614,0.19825447900
Arb Bot (zrVF),meteora,helius,1392047.26863177,0.19812550800
Arb Bot (BzKg),bisonfi,temporal,1401862.1512516,0.19790296100
OKX DEX,solfi,temporal,987693.059201718,0.19707636000
Arb Bot (King7),meteora,bloxroute,8275.217403412,0.19536450300
OKX DEX,alphaq,blockrazor,10488.563426492,0.19440166600
Unknown Frontend,pancakeswap,bloxroute,39095.056419088,0.19389439100
Arb Bot (BzKg),pancakeswap,stellium,406058.048050204,0.19372182700
Titan Exchange,byreal,0slot,381479.563845818,0.19350000000
Binance Wallet,pancakeswap,0slot,27440.488007893,0.19215603800
Arb Bot (sattC),raydium,helius,18096.261092808,0.19152684300
Arb Bot (7XdeQ),bisonfi,astralane,4674153.41964162,0.19128961200
Arb Bot (NA247),pumpswap,stellium,6890.683681335,0.19051449000
Arb Bot (3Y186),bisonfi,astralane,1734457.5246117,0.18885111100
Arb Bot (9GCBb),pumpswap,bloxroute,8321.791449516,0.18847189500
Arb Bot (King7),meteora,jito,4217.025612988,0.18826372600
Arb Bot (mine9),meteora,stellium,28940.860729293,0.18758887800
Maestro Trading Bot,orca,blockrazor,4982.230003838,0.18700001700
Arb Bot (BzKg),meteora,stellium,927136.762216718,0.18603166100
Titan Exchange,meteora,0slot,177221.020357469,0.18555000000
Arb Bot (9GCBb),meteora,stellium,6946.691463437,0.18549799200
Unknown Frontend,phoenix,jito,168175.075844272,0.18537532000
Arb Bot (MEMS5),alphaq,stellium,1003636.07598063,0.18500000000
Arb Bot (88aaa),saros,jito,1262.227751054,0.18268724600
Arb Bot (mine9),raydium,bloxroute,22247.310852097,0.18236084100
OKX DEX,meteora,blockrazor,6879.229952,0.18195198800
Arb Bot (3URuD),pancakeswap,0slot,310065.177454024,0.18133096400
OKX DEX,goonfi,astralane,353767.756925828,0.17965170400
Arb Bot (Rexhf),raydium,temporal,20032.025286476,0.17925663300
Titan Exchange,pancakeswap,jito,244436.971424402,0.17863980600
Arb Bot (9GCBb),bisonfi,jito,227297.525642665,0.17854259500
Arb Bot (King7),pumpswap,jito,4108.470793541,0.17835149300
OKX DEX,solfi,blockrazor,8372.512824744,0.17820000000
Arb Bot (9i7Qd),raydium,helius,133619.601119735,0.17815460100
Arb Bot (A8g42),byreal,jito,9984.203738445,0.17762855700
Arb Bot (7XdeQ),orca,helius,1785402.60733097,0.17740052800
Arb Bot (zrVF),bisonfi,jito,600544.792692312,0.17730835300
Titan Exchange,zerofi,temporal,1376868.9756057,0.17712435400
Arb Bot (BzKg),orca,stellium,1028200.1440008,0.17667395400
Jupiter Agg,whalestreet,helius,1693138.34697117,0.17653878100
Arb Bot (SSSnR,pumpswap,jito,49372.673929759,0.17563437500
Arb Bot (Duvq),bisonfi,temporal,1177198.53147677,0.17525691200
Binance Wallet,aquifer,0slot,143344.720173644,0.17465276600
OKX DEX,stabble,0slot,2837.466690668,0.17450000000
Arb Bot (MEMS5),meteora,blockrazor,147046.960572523,0.17400000000
Unknown Frontend,byreal,jito,17630.373284601,0.17385756700
Arb Bot (9GCBb),pumpswap,astralane,8932.61516068,0.17357851100
Arb Bot (2A6m4),raydium,blockrazor,23178.399463674,0.17331835700
Binance Wallet,alphaq,0slot,220604.924847594,0.17273714800
OKX DEX,pumpswap,bloxroute,7563.969591673,0.17230000000
Arb Bot (King7),raydium,stellium,7494.754008551,0.17224476700
Arb Bot (BxM),bisonfi,helius,1454569.2463744,0.17089039000
OKX DEX,meteora,jito,857704.167714723,0.17086134700
OKX DEX,orca,stellium,1528.143044082,0.16938840300
Unknown Frontend,stepn,jito,11294.967592646,0.16932181500
Arb Bot (NA247),orca,temporal,3046.978849896,0.16859201000
Binance Wallet,bisonfi,0slot,148286.677284918,0.16778489600
Arb Bot (2Vxcb),manifest,jito,150389.884030415,0.16760223600
Arb Bot (3URuD),orca,0slot,286128.382537695,0.16681138700
Arb Bot (sattC),tesserav,temporal,273875.758714791,0.16673027600
Arb Bot (9i7Qd),orca,helius,302766.955821606,0.16501111300
Binance Wallet,phoenix,0slot,19919.650282371,0.16490659300
OKX DEX,raydium,astralane,372024.69242759,0.16485000000
Arb Bot (9GCBb),humidifi,bloxroute,553687.78575648,0.16479376800
Arb Bot (3Y186),orca,helius,669167.846830546,0.16473685600
Arb Bot (MEMS5),alphaq,astralane,14317765.2323449,0.16464000000
Arb Bot (MEMS5),raydium,helius,3002527.75565787,0.16443000000
Titan Exchange,obric,temporal,2072076.24434253,0.16352530200
Arb Bot (Pp5Nu),orca,helius,1208360.83400763,0.16347712000
Arb Bot (mine9),pancakeswap,astralane,284015.084813617,0.16328413800
Jupiter Agg,obric,jito,3018299.78518562,0.16278008100
Arb Bot (XxXxX),meteora,astralane,45372.032102306,0.16256465200
Maestro Trading Bot,orca,jito,5202.069030192,0.16225003000
Arb Bot (A8g42),raydium,helius,25384.060538607,0.16222541600
Arb Bot (sattC),meteora,stellium,1832.414735559,0.16216557300
Binance Wallet,stabble,0slot,53137.476250327,0.16154683500
Jupiter Agg,goonfi,blockrazor,174872.371331187,0.16138765300
Titan Exchange,tesserav,astralane,2529485.60081072,0.16129000000
DFlow Frontend,obric,jito,117566.960687984,0.16082323100
Arb Bot (zrVF),orca,helius,1216627.57716798,0.16081167100
Arb Bot (Duvq),orca,stellium,799686.341594832,0.15945177800
OKX DEX,goonfi,bloxroute,9081.476705871,0.15929872600
Titan Exchange,stabble,jito,1086291.35787518,0.15872971100
Arb Bot (sattC),pancakeswap,jito,38063.119727104,0.15755988900
Jupiter Agg,stabble,0slot,45002.303779718,0.15731421700
Arb Bot (mine9),bisonfi,bloxroute,41719.514927027,0.15675675300
Arb Bot (mine9),manifest,jito,67822.521634316,0.15608383700
OKX DEX,manifest,stellium,2493.372842051,0.15570100000
DFlow Frontend,manifest,jito,109202.402632579,0.15486131400
Arb Bot (9GCBb),pumpswap,temporal,1516.704447132,0.15422848400
Arb Bot (7XdeQ),bisonfi,blockrazor,5300178.50196754,0.15400000000
Fluxbeam Frontend,fluxbeam,0slot,143.269661808,0.15375691700
Byreal Frontend,byreal,0slot,272830.555193338,0.15330000000
Arb Bot (zrVF),raydium,helius,977356.479192226,0.15311538400
Liquid Mesh Frontend,pumpfun,helius,4734.945027283,0.15300000000
Arb Bot (XxXxX),orca,temporal,77828.666705859,0.15270247200
Arb Bot (Pp5Nu),manifest,stellium,1756283.37265607,0.15200000000
Arb Bot (Rexhf),byreal,stellium,4052.087146068,0.15126864900
Arb Bot (MEMS5),tesserav,jito,119290.096068637,0.15104337900
OKX DEX,bisonfi,astralane,8897043.62809551,0.15035168100
Arb Bot (Duvq),pancakeswap,stellium,272025.841534739,0.15015732800
Arb Bot (XxXxX),solfi,stellium,657414.456027149,0.14976226200
Arb Bot (MEMS5),bisonfi,helius,7396451.75888722,0.14958000000
Arb Bot (King7),raydium,bloxroute,10116.819761798,0.14913295900
Arb Bot (A8g42),raydium,0slot,1864.256629333,0.14754892400
Arb Bot (3Y186),humidifi,helius,373419.491979664,0.14732745800
Arb Bot (SSSnR,stabble,jito,391310.110585544,0.14696420900
Arb Bot (XxXxX),pancakeswap,jito,27214.928849499,0.14652910700
Jupiter Agg,zerofi,stellium,149538.559703275,0.14508980100
Arb Bot (BxM),raydium,0slot,38222.719100784,0.14492501100
Jupiter Agg,solfi,stellium,171142.71043823,0.14484245800
Titan Exchange,bisonfi,jito,2362922.98089753,0.14479462700
Arb Bot (MEMS5),pancakeswap,jito,149530.688466684,0.14262875500
Arb Bot (2A6m4),bisonfi,astralane,643236.747243848,0.14237195700
Arb Bot (Pp5Nu),orca,stellium,855197.804734779,0.14199736500
Arb Bot (7XdeQ),bisonfi,jito,1358101.80531038,0.14100842900
Unknown Frontend,humidifi,jito,655873.967299371,0.14067906900
Arb Bot (Duvq),orca,helius,2179007.42120804,0.14061430300
OKX DEX,solfi,astralane,2000606.53130484,0.14047095300
Titan Exchange,raydium,0slot,118767.863096025,0.14040000000
Arb Bot (King7),pancakeswap,astralane,4167.0176089,0.14011278900
Arb Bot (King7),pancakeswap,bloxroute,8235.637551231,0.14005516300
Arb Bot (XxXxX),zerofi,bloxroute,186196.080901448,0.13967801000
Arb Bot (BxM),meteora,astralane,170581.176304294,0.13924670000
OKX DEX,byreal,0slot,231836.353854122,0.13835000000
Arb Bot (9GCBb),meteora,helius,6177.484720069,0.13755869400
Arb Bot (XxXxX),pumpswap,blockrazor,16645.800943258,0.13754706400
Arb Bot (Rexhf),manifest,temporal,2252.726828637,0.13743799500
Arb Bot (Pp5Nu),jupiter,jito,100340.101214217,0.13740581400
Titan Exchange,alphaq,astralane,1384918.52756116,0.13715000000
Arb Bot (MEMS5),manifest,temporal,999881.783981257,0.13700000000
Titan Exchange,humidifi,astralane,1189385.49966002,0.13634000000
Arb Bot (3Y186),bisonfi,blockrazor,2574368.56903848,0.13600000000
Arb Bot (BzKg),orca,helius,2182748.95096866,0.13594120200
Arb Bot (BxM),bisonfi,0slot,170187.601398892,0.13569749800
OKX DEX,manifest,blockrazor,2792.056277261,0.13550000000
Arb Bot (9GCBb),humidifi,blockrazor,94232.008300544,0.13532212000
Arb Bot (XxXxX),byreal,0slot,11866.42475116,0.13523604000
Arb Bot (9GCBb),bisonfi,astralane,457908.849448315,0.13522312700
Arb Bot (XxXxX),pumpswap,stellium,10087.444679448,0.13428466600
Arb Bot (MEMS5),zerofi,temporal,966145.579908673,0.13400000000
Arb Bot (MEMS5),pancakeswap,astralane,608246.248171977,0.13393000000
Arb Bot (SSSnR,obric,jito,4236422.91304765,0.13357885100
Arb Bot (BzKg),pancakeswap,helius,1386431.54093057,0.13314823100
Arb Bot (King7),orca,bloxroute,30600.202665129,0.13199269300
OKX DEX,alphaq,jito,3130646.5017517,0.13195785700
Arb Bot (XxXxX),orca,stellium,236767.675266201,0.13185820800
Arb Bot (2Vxcb),raydium,jito,79402.73461724,0.13169621500
Arb Bot (88aaa),pumpswap,jito,5952.131787393,0.13161697800
Arb Bot (Rexhf),pumpswap,temporal,2038.635372982,0.13123745600
Arb Bot (MEMS5),humidifi,temporal,412513.338046126,0.13100000000
Arb Bot (7XdeQ),manifest,helius,3193339.75157044,0.13100000000
Arb Bot (King7),pumpswap,stellium,4137.097088441,0.13089757400
Arb Bot (9i7Qd),pumpswap,helius,9861.897998428,0.13078570000
Arb Bot (3URuD),meteora,bloxroute,120874.653287597,0.13064668400
Titan Exchange,pancakeswap,temporal,75176.131225168,0.13026264100
Arb Bot (XxXxX),tesserav,stellium,286876.74069264,0.12971583000
OKX DEX,meteora,bloxroute,3744.815346431,0.12915260700
Arb Bot (mine9),pumpswap,stellium,4572.534670274,0.12861687800
Titan Exchange,pumpswap,jito,340510.320354913,0.12842580300
Unknown Frontend,saros,jito,2705.988295395,0.12838455500
Arb Bot (7XdeQ),humidifi,helius,694943.222963094,0.12800167300
Arb Bot (3Y186),bisonfi,bloxroute,1798738.20890749,0.12768564700
Arb Bot (Pp5Nu),meteora,helius,675446.407191822,0.12754626700
Arb Bot (9GCBb),raydium,blockrazor,134395.092398381,0.12696215300
Arb Bot (mine9),byreal,helius,8757.033281993,0.12690969500
Banana Gun Trading Bot,pumpswap,blockrazor,2333.19111084,0.12650000000
Arb Bot (2Vxcb),meteora,astralane,391580.04352872,0.12648684300
Photon Frontend,raydium,jito,11261.121288335,0.12581000000
Arb Bot (Duvq),manifest,stellium,1072465.56495672,0.12563057900
Arb Bot (GMGNr),orca,blockrazor,10831.989637773,0.12554013900
Arb Bot (BzKg),meteora,helius,1661178.37345125,0.12542981200
Binance Wallet,meteora,jito,899235.478720295,0.12528646200
Arb Bot (XxXxX),solfi,bloxroute,652211.744637638,0.12478183700
OKX DEX,humidifi,astralane,397875.3670637,0.12471667900
Unknown Frontend,pancakeswap,0slot,16979.985275663,0.12420961600
Axiom Frontend,pumpfun,temporal,8188.862755714,0.12400000000
Jupiter Agg,scorch,astralane,473532.236023966,0.12318063400
Arb Bot (mine9),raydium,blockrazor,14395.350773579,0.12278512800
Arb Bot (Duvq),humidifi,stellium,464543.324572646,0.12256568300
Arb Bot (XxXxX),raydium,stellium,37857.189627859,0.12237200200
Arb Bot (XxXxX),goonfi,jito,12323.971901054,0.12188108700
Unknown Frontend,solfi,jito,154097.992187892,0.12132942700
Jupiter Agg,humidifi,stellium,253201.69493309,0.12104260100
Arb Bot (A8g42),meteora,bloxroute,4331.213788669,0.12083877800
Titan Exchange,bisonfi,helius,18401787.2255792,0.11996500000
Arb Bot (5bsFr),orca,stellium,804633.707696244,0.11981021300
Arb Bot (CoTh2),meteora,jito,1037568.21409492,0.11974219100
Arb Bot (Duvq),meteora,temporal,256984.184059996,0.11940866100
Arb Bot (XxXxX),humidifi,blockrazor,159883.717959716,0.11937419100
Arb Bot (A8g42),meteora,helius,7979.0438781,0.11906875200
Arb Bot (BzKg),zerofi,stellium,751434.885499882,0.11852079900
Arb Bot (7XdeQ),meteora,helius,1447521.37939041,0.11813075500
Titan Exchange,zerofi,helius,4834691.12604952,0.11811500000
Arb Bot (MEMS5),orca,blockrazor,115528.976258251,0.11800000000
Titan Exchange,stabble,temporal,511577.527701688,0.11782999400
Titan Exchange,bisonfi,temporal,2700524.97095875,0.11774181500
Jupiter Agg,whalestreet,0slot,155658.601821536,0.11768569400
Arb Bot (5bsFr),pancakeswap,stellium,216349.897314964,0.11700000000
OKX DEX,tesserav,stellium,4914.091117369,0.11670000000
Arb Bot (BzKg),alphaq,stellium,1000252.93903327,0.11640449500
OKX DEX,zerofi,bloxroute,9006.631120045,0.11609873400
Arb Bot (mine9),pumpswap,blockrazor,3545.163913755,0.11603504600
OKX DEX,alphaq,bloxroute,5788.863216533,0.11589627300
DFlow Frontend,alphaq,helius,216014.164054998,0.11563500000
Arb Bot (Pp5Nu),raydium,helius,233880.049002752,0.11559048100
Unknown Frontend,pancakeswap,blockrazor,17148.313104858,0.11523225900
Jupiter Agg,alphaq,stellium,200351.954078592,0.11511222800
Arb Bot (AWyH),raydium,astralane,3222731.99124514,0.11506000000
Arb Bot (3Y186),manifest,helius,1518484.28671501,0.11500000000
Arb Bot (Pp5Nu),manifest,bloxroute,1296197.49681438,0.11500000000
Arb Bot (9GCBb),humidifi,stellium,465700.167371281,0.11498257700
Arb Bot (mine9),bisonfi,stellium,107043.28610488,0.11464131900
Arb Bot (Pp5Nu),manifest,blockrazor,1649828.96970047,0.11400000000
Arb Bot (2Vxcb),bisonfi,astralane,726826.766541439,0.11382707400
Arb Bot (MEMS5),orca,helius,3444372.3305684,0.11307000000
Arb Bot (BxM),pumpswap,0slot,3395.920748848,0.11279959500
Arb Bot (BxM),orca,helius,622061.645589817,0.11232696800
OKX DEX,pumpswap,astralane,25804.487124307,0.11216473700
Arb Bot (MEMS5),alphaq,blockrazor,435162.376193087,0.11200000000
Arb Bot (MEMS5),goonfi,astralane,2434910.94673231,0.11150000000
Arb Bot (MEMS5),alphaq,helius,12470507.159557,0.11087500000
Arb Bot (sattC),pumpswap,stellium,1977.560878262,0.11052411500
Unknown Frontend,obric,jito,1270694.03028071,0.11022238100
Arb Bot (XxXxX),pancakeswap,0slot,106215.593413701,0.10988514400
Arb Bot (XxXxX),tesserav,helius,589541.432003575,0.10978301000
Arb Bot (MEVi),meteora,helius,9623.37350227,0.10974504700
Arb Bot (2Vxcb),humidifi,astralane,1040433.86237617,0.10955546100
Arb Bot (XxXxX),meteora,temporal,52853.674820237,0.10931139100
Arb Bot (BxM),pumpswap,helius,7459.134429931,0.10908262100
Arb Bot (7XdeQ),manifest,stellium,2359322.31902917,0.10900000000
Arb Bot (7XdeQ),bisonfi,0slot,2693171.32820976,0.10879687000
Arb Bot (7XdeQ),pancakeswap,helius,528572.066627946,0.10858986600
Arb Bot (9i7Qd),alphaq,jito,98429.622060662,0.10822020600
Arb Bot (9GCBb),solfi,helius,241609.452807334,0.10820750300
Jupiter Agg,goonfi,stellium,29393.968536142,0.10751830900
Arb Bot (XxXxX),humidifi,stellium,145469.968932295,0.10746586800
Arb Bot (3Y186),manifest,stellium,1276196.98060416,0.10700000000
Arb Bot (mine9),pumpswap,bloxroute,3953.557998656,0.10695890700
Arb Bot (MEMS5),saros,jito,37934.199788247,0.10624595800
Arb Bot (mine9),tesserav,astralane,61796.252749604,0.10595482700
OKX DEX,zerofi,astralane,1301778.64053942,0.10582353600
Arb Bot (9i7Qd),bisonfi,helius,552022.249200344,0.10554946100
Arb Bot (mine9),zerofi,astralane,62923.994325371,0.10529048100
Arb Bot (MEVi),raydium,helius,13939.026604126,0.10500232700
Arb Bot (XxXxX),pancakeswap,bloxroute,153875.365904278,0.10500000000
Arb Bot (MEMS5),raydium,temporal,252154.402062653,0.10500000000
Arb Bot (9GCBb),pancakeswap,helius,189189.600184098,0.10468860100
Arb Bot (XxXxX),bisonfi,blockrazor,280108.708376533,0.10436012800
Binance Wallet,solfi,jito,698500.840348083,0.10414480700
Arb Bot (MEMS5),humidifi,stellium,178908.122735879,0.10400000000
Arb Bot (9i7Qd),bisonfi,stellium,579123.858011087,0.10320585000
Arb Bot (MEMS5),bisonfi,blockrazor,131588.842789426,0.10300000000
OKX DEX,orca,blockrazor,812.134520247,0.10251920000
OKX DEX,alphaq,temporal,787165.361332371,0.10244254100
Arb Bot (7XdeQ),pancakeswap,stellium,425708.275293982,0.10206268500
Binance Wallet,byreal,blockrazor,17535.197469018,0.10195176700
Jupiter Agg,scorch,0slot,445634.986541818,0.10183099900
Arb Bot (9i7Qd),meteora,temporal,62884.498882697,0.10179405900
Arb Bot (MEMS5),meteora,helius,2811573.0532375,0.10169000000
Arb Bot (sattC),bisonfi,temporal,170105.044727376,0.10164398900
Arb Bot (Pp5Nu),manifest,astralane,1156020.43596072,0.10100000000
Arb Bot (Rexhf),phoenix,astralane,13569.671753262,0.10071381400
Arb Bot (A8g42),pumpswap,stellium,2912.423098929,0.10050727900
Unknown Frontend,alphaq,jito,889815.007147237,0.10021856700
Arb Bot (MEMS5),manifest,stellium,554541.627470492,0.10000000000
Arb Bot (9i7Qd),orca,astralane,122123.616589953,0.09985184400
Arb Bot (5bsFr),meteora,stellium,273198.868567729,0.09896949100
Arb Bot (XxXxX),raydium,astralane,30909.96151289,0.09828644500
Jupiter Agg,jupiter,temporal,419570.730220712,0.09802346100
Arb Bot (BxM),meteora,jito,6681.209788692,0.09745958100
Arb Bot (MEMS5),phoenix,jito,40410.400262493,0.09731532100
Arb Bot (sattC),byreal,jito,7196.671858578,0.09699498100
Arb Bot (5bsFr),orca,helius,1382250.67815819,0.09675457200
Arb Bot (2Vxcb),pancakeswap,astralane,718403.879525581,0.09660617300
Arb Bot (Duvq),alphaq,stellium,1028299.74398594,0.09634494300
Arb Bot (9GCBb),humidifi,0slot,84702.122154584,0.09622856000
Arb Bot (9GCBb),humidifi,helius,284219.534893876,0.09591985700
Arb Bot (King7),meteora,temporal,4745.590321983,0.09545459200
Arb Bot (Pp5Nu),pancakeswap,helius,219024.762865079,0.09529594900
Jupiter Agg,zerofi,blockrazor,51484.174374874,0.09511646100
Arb Bot (2A6m4),orca,blockrazor,87163.054276346,0.09509245700
Arb Bot (MEMS5),aquifer,temporal,250099.432912147,0.09500000000
Jupiter Agg,mercurial,jito,40345.462724951,0.09458754300
DFlow Frontend,tesserav,helius,933595.465217473,0.09454934400
Arb Bot (A8g42),pumpswap,helius,2194.772116332,0.09454756000
OKX DEX,bisonfi,stellium,5811.756023773,0.09440100000
Arb Bot (3Y186),pancakeswap,helius,201681.207770452,0.09431238700
OKX DEX,alphaq,astralane,753747.802827885,0.09424568100
Jupiter Agg,stepn,jito,69677.507002985,0.09356203000
Jupiter Agg,alphaq,blockrazor,33614.646964935,0.09335258200
Arb Bot (MEMS5),solfi,jito,714507.291985012,0.09326987500
Arb Bot (SSSnR,bisonfi,helius,453548.216039145,0.09299862900
Arb Bot (mine9),raydium,stellium,41072.027838058,0.09284663200
Arb Bot (Rexhf),orca,temporal,62055.590873549,0.09193938700
Arb Bot (5bsFr),zerofi,stellium,558175.586744739,0.09186377200
OKX DEX,bisonfi,blockrazor,3880.6852186,0.09118122800
Arb Bot (Pp5Nu),bisonfi,jito,794692.474623767,0.09086025700
Arb Bot (9i7Qd),meteora,0slot,14536.218189139,0.09071166400
Arb Bot (3Y186),jupiter,jito,32169.07699676,0.09033552200
Titan Exchange,humidifi,0slot,85230.092221562,0.08985000000
Arb Bot (BzKg),raydium,stellium,192994.41037138,0.08956169000
Arb Bot (CoTh2),meteora,helius,4561741.11454969,0.08920640700
Arb Bot (MEMS5),humidifi,helius,3124497.94572304,0.08913500000
Arb Bot (MEMS5),raydium,stellium,98611.2753632,0.08900000000
Arb Bot (7XdeQ),manifest,blockrazor,2255743.71610965,0.08900000000
Arb Bot (Pp5Nu),humidifi,helius,229490.775906838,0.08894392500
Binance Wallet,raydium,jito,425284.067994384,0.08886082500
Arb Bot (SSSnR,orca,astralane,76693.745612458,0.08879746700
Jupiter Agg,manifest,stellium,126897.926147377,0.08855716700
Arb Bot (MEMS5),pancakeswap,helius,838574.639584183,0.08850000000
Arb Bot (Duvq),raydium,stellium,167643.47691175,0.08830306100
Titan Exchange,meteora,helius,387786.257809063,0.08828500000
Arb Bot (MEMS5),zerofi,astralane,3553623.76769614,0.08828000000
Arb Bot (Pp5Nu),manifest,0slot,997671.717240537,0.08800000000
Arb Bot (3URuD),meteora,stellium,73053.338213562,0.08796967800
OKX DEX,goonfi,helius,563630.627950142,0.08792600000
Arb Bot (2Vxcb),orca,astralane,409543.820021899,0.08770996000
Jupiter Agg,saros,jito,32053.694615096,0.08709619900
Arb Bot (SSSnR,raydium,astralane,10444.083226564,0.08699758600
Arb Bot (Duvq),solfi,stellium,676263.092557823,0.08689451400
Arb Bot (BzKg),humidifi,stellium,294372.215445678,0.08688634900
Arb Bot (7XdeQ),orca,stellium,1147766.43883277,0.08625107200
Titan Exchange,zerofi,astralane,537817.055993402,0.08615000000
Arb Bot (SSSnR,orca,helius,357662.216548679,0.08602060800
Unknown Frontend,humidifi,temporal,110653.998020339,0.08539761600
Jupiter Agg,aquifer,blockrazor,104380.827184005,0.08497479500
Titan Exchange,solfi,astralane,307137.083147606,0.08490000000
Arb Bot (NA247),orca,helius,18624.824305913,0.08473012500
Arb Bot (XxXxX),pancakeswap,stellium,120575.660633802,0.08446276000
Arb Bot (XxXxX),raydium,blockrazor,17610.787218214,0.08441217700
Jupiter Agg,jupiter,stellium,201878.741250332,0.08436722500
Arb Bot (Rexhf),byreal,astralane,5671.447553412,0.08345121800
Arb Bot (5bsFr),pancakeswap,helius,803607.703166538,0.08328061100
Arb Bot (XxXxX),zerofi,blockrazor,113955.529919072,0.08320896100
Arb Bot (Duvq),pancakeswap,helius,844227.1807755,0.08307138000
Arb Bot (BzKg),meteora,temporal,344759.725912656,0.08303519700
Arb Bot (MEMS5),zerofi,stellium,265532.827616342,0.08300000000
OKX DEX,orca,bloxroute,242.824288536,0.08300000000
Arb Bot (Pp5Nu),orca,bloxroute,651130.039042435,0.08279817200
Arb Bot (A8g42),raydium,blockrazor,6202.083060757,0.08207502000
Arb Bot (Pp5Nu),orca,astralane,719623.305149411,0.08193034800
Binance Wallet,obric,blockrazor,323931.076398493,0.08182960800
Titan Exchange,pumpswap,0slot,28059.998472607,0.08155000000
OKX DEX,raydium,jito,351383.084858465,0.08131094800
OKX DEX,meteora,helius,277707.329509131,0.08071500000
Arb Bot (BxM),pumpswap,jito,562.224376224,0.08061004800
Arb Bot (3Y186),pancakeswap,stellium,160207.129222821,0.08052679100
Arb Bot (Rexhf),byreal,0slot,338.561558981,0.08019543800
Arb Bot (BzKg),manifest,stellium,939346.510356448,0.07959410000
Arb Bot (MEMS5),manifest,astralane,5992817.73158517,0.07953000000
Jupiter Agg,humidifi,blockrazor,45341.13546752,0.07921505700
Arb Bot (3Y186),manifest,blockrazor,1141000.57730321,0.07900000000
Arb Bot (Pp5Nu),meteora,stellium,339762.771701836,0.07889517200
Arb Bot (sattC),solfi,jito,8020.705847532,0.07835251300
Unknown Frontend,humidifi,0slot,58335.442257674,0.07782561700
DFlow Frontend,raydium,helius,5508.864281444,0.07780909400
Arb Bot (9GCBb),humidifi,astralane,245190.803860256,0.07738820700
Arb Bot (9GCBb),meteora,astralane,4322.870985565,0.07708651600
Arb Bot (3Y186),bisonfi,0slot,1093383.04283303,0.07700000000
Titan Exchange,orca,helius,937593.809070184,0.07693000000
Arb Bot (2Vxcb),bisonfi,stellium,367343.560105542,0.07681257900
Unknown Frontend,fluxbeam,jito,197.250817401,0.07679239300
Arb Bot (9GCBb),pumpswap,0slot,3261.683045193,0.07669859200
Arb Bot (3Y186),stabble,jito,28581.391848472,0.07663494800
DFlow Frontend,orca,helius,7678.589710259,0.07655555000
Arb Bot (2Vxcb),pancakeswap,jito,81456.802420551,0.07648196600
Arb Bot (MEMS5),raydium,blockrazor,45459.040350234,0.07600000000
Titan Exchange,pumpswap,temporal,212267.494863797,0.07586163300
Arb Bot (3URuD),orca,blockrazor,70149.475766392,0.07572025100
Arb Bot (XxXxX),goonfi,helius,574429.46567243,0.07560016000
Arb Bot (Rexhf),pancakeswap,temporal,4156.549088086,0.07541655200
OKX DEX,pancakeswap,astralane,696047.316014121,0.07534000000
Bitget DEX,phoenix,bloxroute,113582.101453221,0.07513878600
Titan Exchange,alphaq,0slot,103895.07379653,0.07505000000
Jupiter Agg,stabble,bloxroute,4894.035378379,0.07496200000
Arb Bot (mine9),orca,stellium,33555.535111079,0.07485499600
Arb Bot (MEMS5),aquifer,astralane,361609.751372644,0.07448000000
Titan Exchange,tesserav,0slot,72436.285462681,0.07425000000
Arb Bot (MEMS5),tesserav,temporal,264269.243487369,0.07400000000
DFlow Frontend,pumpswap,helius,13324.161934526,0.07398000000
Arb Bot (King7),pumpswap,temporal,3361.778522131,0.07372393600
OKX DEX,pumpfun,stellium,2280.773248212,0.07360000000
Arb Bot (NA247),raydium,stellium,2910.667233728,0.07352405100
OKX DEX,manifest,bloxroute,2070.89837528,0.07350000000
Arb Bot (BxM),bisonfi,stellium,214469.221148112,0.07308388300
Unknown Frontend,phoenix,helius,69028.185068718,0.07263073200
Jupiter Agg,jupiter,astralane,308357.197352199,0.07259073200
Arb Bot (9GCBb),bisonfi,blockrazor,296878.970018931,0.07254925300
Arb Bot (BxM),raydium,astralane,59343.25367784,0.07254582300
DFlow Frontend,pumpfun,jito,2394.136705571,0.07231672600
Arb Bot (XxXxX),zerofi,stellium,133789.878709933,0.07217651000
Titan Exchange,byreal,jito,231966.142541117,0.07209692800
Arb Bot (Duvq),orca,temporal,305203.095125228,0.07203167900
Titan Exchange,raydium,helius,181075.98393791,0.07188000000
Arb Bot (3Y186),raydium,helius,269142.088344655,0.07183959600
Arb Bot (9GCBb),orca,temporal,184593.470224354,0.07168537200
Arb Bot (2Vxcb),raydium,astralane,292679.244441529,0.07142942100
Arb Bot (7XdeQ),manifest,astralane,1639216.80187885,0.07126919600
Arb Bot (9GCBb),manifest,blockrazor,208784.169154837,0.07120962500
Arb Bot (Pp5Nu),manifest,jito,300748.310262006,0.07105244300
Arb Bot (King7),raydium,jito,1532.649139885,0.07056063500
Arb Bot (NA247),meteora,0slot,7557.31230198,0.07051613900
Arb Bot (2Vxcb),pumpswap,jito,3831.982345409,0.07020159300
Arb Bot (BxM),bisonfi,astralane,545347.940874566,0.07016376000
OKX DEX,tesserav,helius,6309070.27687319,0.07011000000
Arb Bot (7XdeQ),raydium,helius,306885.953048794,0.06987244700
Jupiter Agg,aquifer,stellium,190463.263790987,0.06959269200
Arb Bot (BzKg),orca,temporal,391651.16182885,0.06938832500
Arb Bot (MEVi),pumpswap,helius,6202.517936773,0.06856041700
Banana Gun Trading Bot,pumpfun,blockrazor,1162.627234333,0.06850000000
Titan Exchange,solfi,0slot,76140.12688729,0.06840000000
Arb Bot (XxXxX),pumpswap,astralane,26198.991299774,0.06821033700
Arb Bot (MEMS5),goonfi,temporal,262768.841671374,0.06800000000
Arb Bot (A8g42),orca,stellium,59857.290113942,0.06791952800
DFlow Frontend,meteora,helius,13147.706557365,0.06787193200
Arb Bot (3URuD),byreal,bloxroute,30209.895153864,0.06785551200
Jupiter Agg,solfi,blockrazor,68215.70976387,0.06723583900
Arb Bot (XxXxX),tesserav,bloxroute,311306.734239814,0.06709023100
Unknown Frontend,pumpfun,temporal_private,195.529080401,0.06700000000
Arb Bot (3Y186),pancakeswap,astralane,137598.302505068,0.06690018600
Arb Bot (9GCBb),raydium,temporal,9824.699434281,0.06647358600
Arb Bot (BzKg),solfi,stellium,271021.295804579,0.06642177300
Arb Bot (XxXxX),pumpswap,temporal,2921.821361524,0.06631772700
Arb Bot (BxM),orca,stellium,53815.14837078,0.06618337900
Bloom Trading Bot,orca,helius,179.361041815,0.06610000000
Photon Frontend,orca,bloxroute,502.516448889,0.06600000000
Arb Bot (A8g42),meteora,blockrazor,829.621105229,0.06593045300
Arb Bot (BxM),pancakeswap,helius,246815.335782493,0.06575693700
Arb Bot (A8g42),humidifi,helius,59630.018724414,0.06574261600
Arb Bot (BzKg),pancakeswap,temporal,121418.108309599,0.06500000000
Arb Bot (XxXxX),goonfi,0slot,52556.777923803,0.06500000000
Arb Bot (MEMS5),manifest,blockrazor,302765.65903301,0.06500000000
Arb Bot (7XdeQ),manifest,bloxroute,1569827.14791101,0.06500000000
OKX DEX,tesserav,blockrazor,3953.031085566,0.06440000000
Arb Bot (BxM),raydium,temporal,6526.485491137,0.06421471200
Arb Bot (XxXxX),solfi,0slot,127726.761843335,0.06418434900
Arb Bot (MEMS5),humidifi,blockrazor,159487.145689024,0.06400000000
Arb Bot (Pp5Nu),orca,blockrazor,430101.048660092,0.06392888100
Arb Bot (Rexhf),phoenix,temporal,24989.041936317,0.06383074700
Arb Bot (Duvq),humidifi,temporal,133136.110003458,0.06338317300
Arb Bot (2A6m4),bisonfi,bloxroute,80486.262013253,0.06330678300
Arb Bot (MEMS5),aquifer,stellium,126249.213888941,0.06300000000
Arb Bot (2A6m4),bisonfi,blockrazor,130895.626269115,0.06299653700
Unknown Frontend,dexscreener-moonshot,jito,575.910289256,0.06283000000
Arb Bot (MEMS5),obric,jito,2708386.66834812,0.06279352900
Arb Bot (zrVF),bisonfi,stellium,248128.089219563,0.06266548600
Arb Bot (BzKg),alphaq,helius,1638904.49116436,0.06239225500
Arb Bot (BzKg),solfi,helius,1133962.82821545,0.06238514500
Arb Bot (MEMS5),solfi,temporal,478202.74019497,0.06200000000
Arb Bot (SSSnR,manifest,helius,171763.411329873,0.06191262200
Arb Bot (SSSnR,zerofi,helius,229316.84759873,0.06187906800
Arb Bot (XxXxX),orca,blockrazor,98944.211178384,0.06179218500
Arb Bot (BzKg),raydium,helius,476307.714856329,0.06173554800
Arb Bot (Duvq),zerofi,stellium,290398.058361101,0.06151653800
Arb Bot (3URuD),byreal,stellium,30258.936065618,0.06150425100
Titan Exchange,pumpswap,helius,39321.349677885,0.06134000000
Arb Bot (MEMS5),byreal,jito,36046.28832599,0.06126942900
Bloom Trading Bot,dexscreener-moonshot,jito,393.329714291,0.06100000000
Arb Bot (BzKg),zerofi,helius,1141600.61675895,0.06097471500
Binance Wallet,zerofi,0slot,47575.042128688,0.06085880900
Arb Bot (BxM),meteora,temporal,14776.250811508,0.06071892500
OKX DEX,solfi,bloxroute,3073.343038035,0.06060000000
Arb Bot (2Vxcb),meteora,stellium,117927.870561915,0.06046056700
Jupiter Agg,stepn,temporal,8356.280613229,0.06035870500
Arb Bot (Pp5Nu),meteora,bloxroute,313604.717665793,0.06035674200
Unknown Frontend,goonfi,0slot,8402.782177333,0.06013561500
Arb Bot (SSSnR,jupiter,bloxroute,181664.740023667,0.05995115400
Arb Bot (XxXxX),jupiter,stellium,119357.165415343,0.05994264000
Arb Bot (BxM),raydium,blockrazor,18804.755562773,0.05978721500
Arb Bot (Duvq),humidifi,helius,541992.50448695,0.05964263600
Arb Bot (XxXxX),zerofi,temporal,122130.673015306,0.05922120900
OKX DEX,solfi,helius,1078739.84771795,0.05876100000
OKX DEX,pumpswap,helius,6033.174715294,0.05862500000
Arb Bot (Duvq),goonfi,stellium,109251.83720277,0.05856364900
Arb Bot (5bsFr),humidifi,stellium,356948.856711063,0.05854032900
Arb Bot (XxXxX),byreal,bloxroute,6457.722923096,0.05831093000
Arb Bot (5bsFr),bisonfi,temporal,392517.805820551,0.05827793300
Arb Bot (BxM),orca,0slot,55801.545604552,0.05813938000
Arb Bot (Duvq),pancakeswap,temporal,89120.04051649,0.05808015000
Arb Bot (MEMS5),aquifer,blockrazor,156982.254437981,0.05800000000
Unknown Frontend,dexscreener-moonshot,temporal,127.654962608,0.05800000000
Arb Bot (Pp5Nu),pancakeswap,stellium,100065.879929245,0.05771701900
Arb Bot (5bsFr),solfi,stellium,255599.338647502,0.05749132600
Arb Bot (3Y186),meteora,helius,289447.850655671,0.05740760100
OKX DEX,orca,jito,902657.755741543,0.05710963900
Arb Bot (Duvq),alphaq,temporal,605750.641876125,0.05708015000
Arb Bot (5bsFr),meteora,helius,520150.455653828,0.05697133300
Arb Bot (XxXxX),zerofi,astralane,121881.841462883,0.05650191300
Arb Bot (Duvq),phoenix,stellium,347387.630063418,0.05622776800
Arb Bot (BxM),bisonfi,temporal,38853.539350572,0.05610557200
Arb Bot (zrVF),manifest,jito,214803.814689854,0.05609972000
Arb Bot (2Vxcb),manifest,astralane,457464.24385377,0.05608536600
Arb Bot (zrVF),meteora,jito,113570.80573425,0.05580496400
Arb Bot (BzKg),goonfi,stellium,206894.560988935,0.05580276900
Arb Bot (Duvq),alphaq,helius,1974006.82170253,0.05578403000
Arb Bot (mine9),zerofi,stellium,23260.38326113,0.05557931900
Arb Bot (3Y186),orca,stellium,346810.547199906,0.05549386200
Arb Bot (7XdeQ),meteora,stellium,794394.824942808,0.05545576200
Arb Bot (9GCBb),stabble,blockrazor,123616.926626499,0.05543871200
Arb Bot (Pp5Nu),meteora,0slot,260320.300607654,0.05542951000
Arb Bot (9GCBb),manifest,jito,67367.128868704,0.05538653800
Arb Bot (XxXxX),bisonfi,astralane,335746.064191879,0.05414249700
Arb Bot (7XdeQ),pancakeswap,bloxroute,232321.6945969,0.05412656700
Arb Bot (BzKg),alphaq,temporal,445047.059912421,0.05400000000
Arb Bot (5bsFr),alphaq,stellium,512424.463292996,0.05385297300
Ave.ai Trading Bot,meteora,jito,1777.871323408,0.05385000000
Arb Bot (9GCBb),jupiter,bloxroute,172702.596349314,0.05382478300
Arb Bot (zrVF),bisonfi,astralane,788180.446389836,0.05371899700
Jupiter Agg,phoenix,0slot,79454.293953961,0.05368945600
Arb Bot (9i7Qd),meteora,blockrazor,54379.750837549,0.05366618600
Arb Bot (9GCBb),pancakeswap,stellium,81654.850085717,0.05359496700
Arb Bot (zrVF),pancakeswap,jito,111008.803237153,0.05356080600
Arb Bot (7XdeQ),orca,bloxroute,700223.578605378,0.05316835000
Arb Bot (NA247),raydium,jito,83542.274092246,0.05313365400
Arb Bot (MEVi),pumpswap,jito,10954.497897171,0.05299027400
Arb Bot (3Y186),manifest,astralane,588629.86784238,0.05281739100
Arb Bot (9GCBb),pancakeswap,jito,22121.597071369,0.05274673500
Arb Bot (7XdeQ),manifest,0slot,1039939.37982678,0.05268572600
Arb Bot (3Y186),manifest,bloxroute,707489.78176648,0.05268564700
Titan Exchange,pancakeswap,astralane,553906.207005579,0.05241000000
Arb Bot (XxXxX),humidifi,temporal,193804.773333052,0.05196784200
OKX DEX,zerofi,jito,572011.696439327,0.05185242600
OKX DEX,tesserav,bloxroute,3535.359538575,0.05180000000
Arb Bot (XxXxX),byreal,stellium,5181.540880503,0.05168821300
Arb Bot (Pp5Nu),pancakeswap,bloxroute,109006.455539134,0.05167082400
DFlow Frontend,bisonfi,helius,642712.831161174,0.05167000000
Titan Exchange,manifest,astralane,354025.717357564,0.05135000000
Arb Bot (9GCBb),meteora,blockrazor,4190.601291758,0.05102208000
Arb Bot (5bsFr),raydium,stellium,128252.608714294,0.05102012000
Titan Exchange,zerofi,0slot,74643.675580037,0.05100000000
OKX DEX,meteora,temporal,388060.280871819,0.05088842800
Jupiter Agg,stepn,helius,145336.767739266,0.05088426300
DFlow Frontend,aquifer,jito,44343.711960838,0.05065442700
Pump.fun Frontend,pumpfun,temporal_private,721.493396312,0.05040400000
Binance Wallet,tesserav,jito,269574.897391327,0.05029349400
Arb Bot (NA247),meteora,blockrazor,2292.656272062,0.05003341400
Arb Bot (sattC),pancakeswap,temporal,10974.025139827,0.04952586000
Arb Bot (9GCBb),bisonfi,temporal,257676.920686655,0.04952131800
Arb Bot (BzKg),manifest,helius,1421531.16714691,0.04949964000
Jupiter Agg,scorch,stellium,177121.297638534,0.04938912500
Arb Bot (9i7Qd),bisonfi,astralane,234902.864455431,0.04917318700
Binance Wallet,humidifi,jito,266088.783706482,0.04915211300
Arb Bot (Duvq),manifest,helius,1791292.25019438,0.04904362500
Titan Exchange,byreal,temporal,124206.646444355,0.04903784800
Arb Bot (Duvq),manifest,temporal,566253.634041212,0.04903167900
Arb Bot (5bsFr),humidifi,helius,520552.401084624,0.04888777700
Bitget DEX,tesserav,bloxroute,272404.259037046,0.04884543800
Arb Bot (BxM),orca,blockrazor,35766.182002678,0.04836956200
Arb Bot (BzKg),humidifi,helius,702146.741894893,0.04833737200
Arb Bot (BxM),orca,astralane,179006.695645338,0.04832825800
Arb Bot (2Vxcb),byreal,helius,131411.907542829,0.04828480000
Arb Bot (3Y186),manifest,0slot,477885.224631125,0.04826476600
Arb Bot (BxM),bisonfi,jito,33086.768213783,0.04814571600
Jupiter Agg,phoenix,stellium,96789.514301995,0.04807020700
Arb Bot (MEMS5),zerofi,blockrazor,129032.479877102,0.04800000000
Arb Bot (3URuD),orca,temporal,43718.075659037,0.04794908000
Arb Bot (9GCBb),pancakeswap,astralane,83987.599974502,0.04791642600
Arb Bot (7XdeQ),pancakeswap,astralane,224735.000097944,0.04790552400
Arb Bot (MEVi),meteora,jito,18117.828687387,0.04763066300
Arb Bot (A8g42),bisonfi,helius,92436.788201463,0.04736087800
Arb Bot (9GCBb),meteora,bloxroute,3124.348509191,0.04724910000
Arb Bot (3Y186),orca,bloxroute,278483.833330934,0.04704784800
OKX DEX,pancakeswap,stellium,212.896388372,0.04680000000
DFlow Frontend,manifest,helius,123149.615559021,0.04677600000
Arb Bot (7XdeQ),meteora,bloxroute,595979.795417124,0.04667056300
OKX DEX,manifest,jito,3009157.64223633,0.04664256300
Arb Bot (A8g42),orca,bloxroute,22287.426465634,0.04655175900
Arb Bot (King7),pumpswap,blockrazor,4010.272679432,0.04627630700
Arb Bot (XxXxX),pancakeswap,blockrazor,60754.904583558,0.04600000000
Arb Bot (MEVi),raydium,jito,22792.742371093,0.04598598000
Arb Bot (2A6m4),bisonfi,jito,26224.520390593,0.04585094800
DFlow Frontend,stabble,jito,22831.65754549,0.04575548800
Arb Bot (Duvq),solfi,helius,981717.485369075,0.04542840500
Arb Bot (sattC),orca,helius,7799.264997613,0.04535247300
Arb Bot (King7),raydium,astralane,2602.533510618,0.04522296600
Titan Exchange,bisonfi,astralane,2827498.15014938,0.04517000000
Titan Exchange,alphaq,helius,1408616.51570603,0.04503500000
Arb Bot (BzKg),zerofi,temporal,267049.955713479,0.04500000000
Arb Bot (3Y186),orca,astralane,246334.52913096,0.04483210200
Arb Bot (sattC),bisonfi,helius,136641.234172426,0.04475542000
Unknown Frontend,jupiter,temporal,88922.08221459,0.04474820900
Arb Bot (7XdeQ),meteora,blockrazor,544730.40411387,0.04463986600
Arb Bot (9GCBb),solfi,astralane,162253.302437977,0.04459318000
Arb Bot (mine9),pancakeswap,stellium,44312.761713247,0.04444805000
Arb Bot (XxXxX),bisonfi,temporal,248552.064003647,0.04417773900
Arb Bot (King7),orca,stellium,3980.876529521,0.04412451300
Arb Bot (SSSnR,pumpswap,helius,1346.438326833,0.04406549600
Arb Bot (9GCBb),pumpswap,blockrazor,2144.373406031,0.04391405200
Arb Bot (BxM),bisonfi,blockrazor,87086.945210038,0.04382014700
Arb Bot (3Y186),meteora,blockrazor,142940.695229013,0.04381593700
OKX DEX,stabble,blockrazor,566.19117213,0.04361622800
Binance Wallet,goonfi,jito,137699.179995362,0.04335642500
Arb Bot (mine9),bisonfi,blockrazor,48082.431116394,0.04314830500
OKX DEX,tesserav,jito,721227.767895662,0.04299943900
Arb Bot (SSSnR,raydium,helius,30593.4749368,0.04294113200
Arb Bot (XxXxX),goonfi,bloxroute,48706.616925863,0.04293552100
Unknown Frontend,byreal,astralane,11255.011231861,0.04266566200
Arb Bot (9GCBb),manifest,helius,299616.795985874,0.04261672400
Arb Bot (7XdeQ),humidifi,blockrazor,329309.116279454,0.04258900500
Arb Bot (7XdeQ),raydium,stellium,240804.505492926,0.04253527000
Titan Exchange,obric,astralane,141192.10386122,0.04247000000
Arb Bot (9GCBb),manifest,stellium,253257.91903734,0.04239243200
Binance Wallet,orca,jito,150073.814298798,0.04233397500
Jupiter Agg,saber,astralane,143492.944144914,0.04208960200
Arb Bot (Pp5Nu),pancakeswap,astralane,93197.543824734,0.04204085700
Titan Exchange,pancakeswap,helius,902679.916585527,0.04202000000
Arb Bot (Duvq),raydium,temporal,43939.142140237,0.04200000000
Arb Bot (Pp5Nu),pancakeswap,0slot,68663.993656283,0.04200000000
Arb Bot (BzKg),manifest,temporal,448751.150042,0.04200000000
Arb Bot (MEMS5),solfi,stellium,176929.970865362,0.04200000000
Arb Bot (XxXxX),goonfi,stellium,54809.095386811,0.04193983900
Arb Bot (7XdeQ),meteora,0slot,418428.618329966,0.04177754800
Arb Bot (5bsFr),manifest,stellium,415670.569883715,0.04177446200
Unknown Frontend,alphaq,0slot,4823.678043401,0.04172603000
Arb Bot (BxM),pumpswap,stellium,1448.680995669,0.04161463600
Arb Bot (9GCBb),solfi,stellium,102999.988732517,0.04139666600
Arb Bot (King7),orca,jito,2191.342633934,0.04116622000
Arb Bot (A8g42),raydium,bloxroute,1786.407596963,0.04112630700
Unknown Frontend,solfi,0slot,8798.145565241,0.04087393900
Arb Bot (Pp5Nu),orca,0slot,232651.844002422,0.04062482700
OKX DEX,pancakeswap,blockrazor,387.751329925,0.04060000000
Arb Bot (Pp5Nu),meteora,astralane,227973.548805849,0.04045332700
Arb Bot (zrVF),raydium,jito,65723.622650074,0.04040260700
Arb Bot (7XdeQ),meteora,astralane,481946.667420002,0.04038934500
Arb Bot (7XdeQ),orca,astralane,520676.34784774,0.04024770900
Arb Bot (5bsFr),solfi,helius,544364.53799312,0.04011371500
Arb Bot (MEMS5),tesserav,stellium,78915.860552785,0.04000000000
Arb Bot (9i7Qd),pumpswap,temporal,2039.383113292,0.03980078200
Arb Bot (7XdeQ),humidifi,stellium,331125.415465868,0.03953461300
Arb Bot (9GCBb),byreal,jito,807.01742936,0.03952398900
DFlow Frontend,zerofi,helius,2582.291696142,0.03913000000
Arb Bot (mine9),byreal,astralane,3988.583610001,0.03911063500
Arb Bot (mine9),byreal,stellium,1946.670481345,0.03908812300
OKX DEX,alphaq,helius,646373.036396764,0.03907500000
Arb Bot (Pp5Nu),meteora,blockrazor,167260.738869929,0.03900000000
Arb Bot (3Y186),raydium,astralane,113669.59898706,0.03897703300
OKX DEX,goonfi,jito,1667860.60185539,0.03892490400
Arb Bot (BzKg),phoenix,stellium,311377.312202898,0.03882712600
Arb Bot (Pp5Nu),humidifi,stellium,121606.773725708,0.03881120900
Arb Bot (sattC),solfi,temporal,89970.727413668,0.03876697700
Arb Bot (zrVF),meteora,stellium,80271.022433741,0.03857347200
Arb Bot (SSSnR,saros,jito,1261.572301882,0.03854332300
Titan Exchange,aquifer,astralane,309647.711870984,0.03846000000
OKX DEX,manifest,astralane,310755.536726633,0.03838000000
Arb Bot (Pp5Nu),raydium,bloxroute,113598.999767805,0.03834027900
DFlow Frontend,pancakeswap,helius,2244.265781177,0.03832055000
Arb Bot (88aaa),stepn,jito,6916.61601445,0.03822390900
Arb Bot (9GCBb),jupiter,stellium,190644.368845601,0.03807171200
Arb Bot (sattC),pancakeswap,helius,2185.207753106,0.03803677000
Arb Bot (3Y186),humidifi,blockrazor,172135.796468872,0.03796836500
Arb Bot (5bsFr),zerofi,helius,742710.930074966,0.03759952900
Arb Bot (7XdeQ),raydium,0slot,115452.774051822,0.03750483300
Arb Bot (BzKg),stabble,helius,363118.24006519,0.03747937700
Jupiter Agg,stabble,stellium,10380.120995969,0.03715216100
DFlow Frontend,saros,helius,148.567866749,0.03714909400
Arb Bot (9i7Qd),pumpswap,0slot,1853.632889793,0.03708888400
OKX DEX,humidifi,jito,982784.413935819,0.03707179700
Arb Bot (BxM),pancakeswap,stellium,28136.936174816,0.03671071900
Arb Bot (9GCBb),stabble,stellium,78750.346353855,0.03668316100
Arb Bot (BxM),alphaq,helius,369458.557112814,0.03649220500
DFlow Frontend,obric,helius,164268.250865566,0.03649000000
OKX DEX,stabble,stellium,98.770457302,0.03630000000
Binance Wallet,scorch,blockrazor,19337.448441934,0.03624453100
Arb Bot (HpN),pancakeswap,0slot,55984.258638891,0.03620000000
Jupiter Agg,manifest,blockrazor,21946.009983834,0.03618171000
Arb Bot (9GCBb),byreal,helius,987.099728233,0.03601689700
Arb Bot (BzKg),stabble,stellium,82114.611786051,0.03600000000
Arb Bot (SSSnR,whalestreet,jito,26654.386659701,0.03597711900
Arb Bot (SSSnR,solfi,jito,65517.029642188,0.03594627400
Arb Bot (King7),zerofi,bloxroute,4692.212441764,0.03585312300
Arb Bot (7XdeQ),humidifi,bloxroute,352779.028428402,0.03575506000
Arb Bot (XxXxX),humidifi,astralane,231682.623518358,0.03575002700
Arb Bot (BxM),pumpswap,blockrazor,515.425721165,0.03550402700
Arb Bot (Duvq),phoenix,helius,460304.211471473,0.03529830300
Arb Bot (A8g42),manifest,0slot,24793.391371942,0.03524572600
Titan Exchange,obric,0slot,39195.856573804,0.03500000000
Arb Bot (A8g42),manifest,bloxroute,4618.576567197,0.03485271800
Arb Bot (BxM),pumpswap,astralane,3619.178768558,0.03474357500
OKX DEX,raydium,temporal,132854.404570418,0.03467830100
OKX DEX,zerofi,helius,1014486.33115905,0.03458000000
Arb Bot (3Y186),humidifi,stellium,155284.434284566,0.03457332700
Arb Bot (2Vxcb),manifest,stellium,147526.171409557,0.03445717000
Arb Bot (SSSnR,orca,bloxroute,77608.184391326,0.03443986700
Arb Bot (SSSnR,humidifi,stellium,117924.278933797,0.03437697300
Arb Bot (sattC),raydium,stellium,290.195952525,0.03430774300
Arb Bot (A8g42),solfi,jito,4132.886799011,0.03424597300
Arb Bot (2Vxcb),pancakeswap,stellium,65988.458570066,0.03412376800
Arb Bot (3Y186),humidifi,bloxroute,164913.588220392,0.03408562300
Arb Bot (BzKg),humidifi,temporal,115973.373049251,0.03400000000
Arb Bot (MEMS5),phoenix,temporal,79336.461012998,0.03400000000
Arb Bot (Pp5Nu),raydium,stellium,92291.352147122,0.03398936200
Arb Bot (5bsFr),alphaq,helius,909532.578231153,0.03369374300
Arb Bot (3Y186),raydium,stellium,140454.217878629,0.03362238200
Arb Bot (Pp5Nu),raydium,astralane,77005.958048143,0.03358291000
Arb Bot (XxXxX),solfi,jito,6956.798410264,0.03355100900
Arb Bot (5bsFr),raydium,helius,373151.662818479,0.03351946900
Arb Bot (A8g42),manifest,stellium,58233.417903584,0.03347574300
Unknown Frontend,pancakeswap,temporal,5135.900257272,0.03335518100
Arb Bot (2Vxcb),pumpswap,astralane,5507.056737603,0.03318265300
Arb Bot (SSSnR,humidifi,bloxroute,95555.587590141,0.03302163700
Arb Bot (Pp5Nu),raydium,0slot,67442.740509392,0.03300000000
Arb Bot (BzKg),raydium,temporal,44435.820540219,0.03300000000
Arb Bot (7XdeQ),orca,blockrazor,400985.616794064,0.03300000000
Arb Bot (Duvq),solfi,temporal,395957.744702789,0.03300000000
Unknown Frontend,bisonfi,0slot,49860.523911352,0.03280973700
Arb Bot (MEMS5),manifest,helius,5090814.73589967,0.03263500000
OKX DEX,raydium,helius,141688.660306301,0.03261500000
Titan Exchange,bisonfi,0slot,27363.9871048,0.03240000000
Arb Bot (3Y186),humidifi,0slot,139330.262047458,0.03239047300
Arb Bot (3Y186),pancakeswap,0slot,51310.12298195,0.03217740000
Arb Bot (7XdeQ),humidifi,0slot,216705.154147896,0.03216273000
Titan Exchange,solfi,helius,926834.267666118,0.03215000000
Arb Bot (MEMS5),goonfi,helius,1917897.17361143,0.03208000000
Arb Bot (3Y186),pancakeswap,bloxroute,57898.994620433,0.03203777500
Arb Bot (MEMS5),solfi,blockrazor,96807.683867582,0.03200000000
Arb Bot (2Vxcb),humidifi,stellium,64308.831719038,0.03199877400
Titan Exchange,manifest,0slot,31665.833097052,0.03190000000
Photon Frontend,meteora,jito,11319.41411213,0.03190000000
Arb Bot (SSSnR,byreal,jito,7314.258508439,0.03152454300
Jupiter Agg,pumpfun,blockrazor,624.626744977,0.03146983200
OKX DEX,manifest,temporal,1144072.61336712,0.03141576400
Arb Bot (King7),phoenix,stellium,7064.556933481,0.03141316000
Arb Bot (BzKg),phoenix,helius,502002.34250432,0.03128025700
Arb Bot (XxXxX),byreal,blockrazor,1885.830270876,0.03100000000
Arb Bot (Duvq),stabble,stellium,105976.451868296,0.03100000000
Arb Bot (2A6m4),bisonfi,temporal,66357.137981401,0.03088479100
Arb Bot (9i7Qd),pumpswap,astralane,3270.56428342,0.03083441200
Arb Bot (SSSnR,manifest,bloxroute,77788.020546833,0.03052956800
Arb Bot (Duvq),zerofi,helius,662304.064838467,0.03033823100
Byreal Frontend,byreal,helius,8062.307026664,0.03013500000
Arb Bot (9GCBb),orca,0slot,16818.467522077,0.03007902300
Arb Bot (King7),meteora,blockrazor,1935.68505314,0.03001338600
Arb Bot (7XdeQ),pancakeswap,blockrazor,111500.368231796,0.03000000000
Arb Bot (3Y186),orca,blockrazor,153654.828001885,0.02996836500
Arb Bot (NA247),pumpswap,blockrazor,453.598098841,0.02988354400
Arb Bot (9i7Qd),humidifi,helius,62106.198965249,0.02985851900
Arb Bot (9i7Qd),byreal,stellium,3556.873873231,0.02983504300
Arb Bot (9GCBb),meteora,temporal,413.004382007,0.02973466800
Arb Bot (BzKg),goonfi,helius,251437.039700962,0.02969294400
Arb Bot (Pp5Nu),humidifi,0slot,97188.338128601,0.02963121400
Arb Bot (BxM),pancakeswap,astralane,83239.422062322,0.02960852900
Arb Bot (mine9),orca,blockrazor,21693.015973957,0.02950455600
Arb Bot (mine9),manifest,helius,14473.999157561,0.02947704000
Arb Bot (9i7Qd),raydium,astralane,32044.032564665,0.02918888200
Arb Bot (3Y186),bisonfi,jito,122306.578863458,0.02910085500
Titan Exchange,stabble,astralane,14991.655049233,0.02903000000
Arb Bot (MEMS5),obric,temporal,750877.723104487,0.02900000000
Arb Bot (7XdeQ),orca,0slot,334889.341190138,0.02900000000
Arb Bot (A8g42),orca,helius,19709.338754241,0.02884551100
Arb Bot (MEMS5),zerofi,helius,3124497.97638685,0.02883000000
Arb Bot (Pp5Nu),humidifi,bloxroute,169391.900986503,0.02879817200
Arb Bot (5bsFr),phoenix,stellium,222306.494734713,0.02875246300
Arb Bot (BxM),alphaq,jito,13492.54722208,0.02871695400
Arb Bot (9i7Qd),raydium,0slot,6513.958921849,0.02863134900
Arb Bot (A8g42),orca,0slot,25725.354165219,0.02857625900
Arb Bot (9GCBb),manifest,astralane,21540.488975769,0.02848067300
Arb Bot (sattC),humidifi,helius,79987.743374547,0.02843830900
Arb Bot (9GCBb),pancakeswap,blockrazor,15321.437278939,0.02842378100
OKX DEX,pancakeswap,jito,40501.67659289,0.02837952000
Arb Bot (MEVi),orca,temporal,572.116631768,0.02826986400
Arb Bot (9i7Qd),raydium,blockrazor,14628.428072968,0.02823398100
Arb Bot (AWyH),orca,astralane,1466829.96533672,0.02813000000
Arb Bot (BxM),humidifi,astralane,32978.515899342,0.02812843900
Arb Bot (King7),raydium,temporal,1112.696232784,0.02811804400
Unknown Frontend,bisonfi,bloxroute,123278.900873644,0.02808017100
Binance Wallet,pancakeswap,jito,73516.49047793,0.02807679900
Arb Bot (7XdeQ),humidifi,astralane,334067.107685028,0.02781825200
Arb Bot (9i7Qd),orca,blockrazor,54510.898023881,0.02743032000
Arb Bot (3URuD),orca,bloxroute,28414.093110311,0.02741323500
Arb Bot (A8g42),pumpswap,0slot,869.436667448,0.02738957100
DFlow Frontend,aquifer,helius,47256.472925128,0.02738700000
Arb Bot (Duvq),goonfi,helius,279106.60827482,0.02729470700
Arb Bot (2Vxcb),raydium,stellium,32374.236091547,0.02727959900
Unknown Frontend,bisonfi,blockrazor,38119.949676394,0.02719394200
Titan Exchange,stabble,helius,23467.346690535,0.02714000000
Arb Bot (BxM),pancakeswap,0slot,12279.160516998,0.02710877200
Arb Bot (5bsFr),orca,temporal,171890.729677063,0.02703061400
Arb Bot (MEMS5),goonfi,stellium,78335.267277144,0.02700000000
Unknown Frontend,bisonfi,astralane,475067.659074033,0.02683795800
Arb Bot (5bsFr),manifest,helius,883439.48764513,0.02683258300
Arb Bot (2Vxcb),orca,stellium,40690.372521951,0.02667594200
Arb Bot (7XdeQ),raydium,astralane,144374.679866142,0.02660880600
Arb Bot (NA247),pumpswap,0slot,2492.291429028,0.02628626300
Arb Bot (NA247),raydium,0slot,1742.607774706,0.02628060200
Arb Bot (MEMS5),saros,astralane,25881.58187638,0.02623000000
Arb Bot (7XdeQ),raydium,bloxroute,136546.086389724,0.02622200500
Arb Bot (Duvq),zerofi,temporal,119831.395422767,0.02600000000
Titan Exchange,goonfi,0slot,9888.084023087,0.02595000000
Arb Bot (sattC),byreal,temporal,2103.015733587,0.02593559900
Titan Exchange,manifest,helius,636672.238617519,0.02583000000
Arb Bot (7XdeQ),pancakeswap,0slot,88722.509990916,0.02563705500
OKX DEX,bisonfi,bloxroute,754.957480094,0.02550000000
Arb Bot (BzKg),solfi,temporal,165450.572863735,0.02548361900
Arb Bot (BxM),humidifi,0slot,17879.135426084,0.02535085300
Arb Bot (BxM),pancakeswap,blockrazor,10164.049570712,0.02487534000
OKX DEX,stabble,jito,381243.810774543,0.02469581300
Arb Bot (MEMS5),aquifer,helius,782721.302320609,0.02448500000
Titan Exchange,goonfi,helius,100988.098562855,0.02439000000
Unknown Frontend,zerofi,0slot,1641.986428105,0.02430000000
Unknown Frontend,dexscreener-moonshot,stellium,965.330631666,0.02427000100
Unknown Frontend,humidifi,astralane,661495.069177748,0.02425538500
Arb Bot (A8g42),pumpswap,bloxroute,1122.110011295,0.02409303800
Arb Bot (MEMS5),phoenix,stellium,22540.674533682,0.02400000000
Arb Bot (MEVi),raydium,stellium,2590.64574348,0.02397352500
Unknown Frontend,aquifer,0slot,2916.666916622,0.02390013500
Arb Bot (XxXxX),solfi,astralane,93484.347048856,0.02388313300
Arb Bot (zrVF),orca,jito,64559.062501809,0.02380653600
OKX DEX,obric,0slot,13755.115176148,0.02355000000
Arb Bot (9GCBb),solfi,bloxroute,66813.961471554,0.02344985600
Arb Bot (BxM),alphaq,stellium,89784.432255453,0.02336165000
Arb Bot (A8g42),phoenix,stellium,45461.650207753,0.02333495600
Arb Bot (CoTh2),meteora,astralane,203175.302446535,0.02331493400
Unknown Frontend,humidifi,bloxroute,105409.336961705,0.02329550700
Raydium Frontend,raydium,temporal_private,581.256611937,0.02320578500
Jupiter Agg,stabble,blockrazor,619.7020063,0.02320000000
Arb Bot (XxXxX),goonfi,blockrazor,15819.525115826,0.02300000000
Arb Bot (3Y186),pancakeswap,blockrazor,37648.171656531,0.02300000000
Arb Bot (MEMS5),pancakeswap,temporal,24249.887720178,0.02300000000
Titan Exchange,pancakeswap,0slot,12054.875449727,0.02290000000
Arb Bot (SSSnR,jupiter,jito,17976.737955896,0.02286450900
Jupiter Agg,saros,helius,24686.518532679,0.02285139300
Arb Bot (BxM),humidifi,helius,64256.133004223,0.02283518400
OKX DEX,obric,jito,3450074.40938352,0.02267195300
Unknown Frontend,tesserav,helius,32908.206137041,0.02266000000
Arb Bot (zrVF),pancakeswap,astralane,165560.352934689,0.02257112300
Arb Bot (MEMS5),whalestreet,jito,15554.660922879,0.02253123600
Unknown Frontend,stabble,jito,122625.057336162,0.02245556500
Arb Bot (Duvq),phoenix,temporal,34202.138152724,0.02242245900
Arb Bot (9GCBb),pancakeswap,bloxroute,39434.917691755,0.02220017900
Arb Bot (9GCBb),jupiter,helius,27384.454323548,0.02184530200
OKX DEX,zerofi,temporal,172992.332370963,0.02177019200
Arb Bot (Duvq),stabble,helius,245996.525914436,0.02174873700
Arb Bot (MEVi),meteora,stellium,2543.007278519,0.02141872700
Arb Bot (9GCBb),byreal,stellium,783.97023959,0.02124164000
Arb Bot (mine9),saros,jito,2617.319322457,0.02122126400
Arb Bot (XxXxX),solfi,blockrazor,52341.229429059,0.02111635000
Titan Exchange,pumpswap,astralane,12413.824219738,0.02111055500
OKX DEX,tesserav,temporal,173094.044275335,0.02107380800
Arb Bot (5bsFr),stabble,helius,217654.293111668,0.02100191800
Arb Bot (MEMS5),goonfi,blockrazor,18297.430263867,0.02100000000
Arb Bot (3Y186),raydium,blockrazor,65025.164997611,0.02100000000
OKX DEX,pumpfun,0slot,511.520587101,0.02100000000
Unknown Frontend,manifest,helius,73501.965028338,0.02092198300
Arb Bot (XxXxX),tesserav,jito,3936.884275467,0.02079484200
Titan Exchange,aquifer,0slot,15366.153718283,0.02070000000
Arb Bot (BxM),pancakeswap,jito,7430.351149568,0.02069692200
Arb Bot (A8g42),pumpswap,blockrazor,441.986804721,0.02067782500
Binance Wallet,alphaq,jito,139892.647821311,0.02045265100
Arb Bot (MEMS5),stabble,jito,90067.517538072,0.02020150900
Bloom Trading Bot,dexscreener-moonshot,temporal,176.357805103,0.02020000000
Unknown Frontend,goonfi,bloxroute,39.95165419,0.02014154100
Arb Bot (Pp5Nu),stabble,jito,43922.105124271,0.02009580700
Arb Bot (3URuD),orca,stellium,19216.557486451,0.02000843900
Arb Bot (3Y186),raydium,bloxroute,84767.564149698,0.02000000000
Arb Bot (5bsFr),pancakeswap,temporal,29913.800401773,0.02000000000
Arb Bot (Pp5Nu),humidifi,blockrazor,73173.483799623,0.02000000000
Arb Bot (3Y186),meteora,astralane,114141.233708396,0.01999829300
Arb Bot (9i7Qd),bisonfi,temporal,106548.161048373,0.01982780400
Binance Wallet,whalestreet,blockrazor,4215.177611582,0.01975537200
DFlow Frontend,solfi,jito,19051.535859625,0.01975143400
Arb Bot (XxXxX),aquifer,jito,6403.792073628,0.01974709900
Titan Exchange,phoenix,jito,28196.195149309,0.01961828100
Arb Bot (3Y186),humidifi,astralane,144641.849665905,0.01961426500
Arb Bot (9i7Qd),bisonfi,blockrazor,101106.514143215,0.01949823200
Unknown Frontend,byreal,bloxroute,1628.94876871,0.01941809200
Arb Bot (9i7Qd),stabble,helius,76017.180574871,0.01933272000
Arb Bot (9GCBb),jupiter,astralane,55337.384653674,0.01923598100
Unknown Frontend,humidifi,blockrazor,24720.798579568,0.01917251600
Arb Bot (BxM),humidifi,stellium,16935.748316228,0.01915011700
Arb Bot (5bsFr),meteora,temporal,47746.087218949,0.01908641500
Arb Bot (Duvq),goonfi,temporal,25178.858674254,0.01902961900
Arb Bot (XxXxX),manifest,0slot,40923.928398741,0.01900000000
Bloom Trading Bot,orca,0slot,53.061057007,0.01900000000
Arb Bot (XxXxX),alphaq,jito,2645.042948334,0.01893770400
DFlow Frontend,pumpfun,helius,1483.469339423,0.01875500000
Arb Bot (zrVF),manifest,stellium,98667.634275348,0.01864577700
Arb Bot (MEMS5),solfi,astralane,2830285.48269272,0.01860000000
Arb Bot (2Vxcb),solfi,helius,291995.809134286,0.01849401400
OKX DEX,manifest,helius,315778.428523834,0.01848000000
Arb Bot (AWyH),raydium,helius,945936.729167761,0.01842500000
OKX DEX,orca,helius,598592.960223557,0.01835000000
Arb Bot (XxXxX),orca,astralane,66968.543748484,0.01834696300
Arb Bot (mine9),pancakeswap,bloxroute,14807.094410499,0.01825247600
Arb Bot (5bsFr),phoenix,helius,237526.168203852,0.01822264900
Arb Bot (King7),humidifi,bloxroute,25391.489621209,0.01818891800
Titan Exchange,obric,helius,226944.240449025,0.01818000000
OKX DEX,bisonfi,helius,3864909.9725785,0.01818000000
Arb Bot (3Y186),orca,0slot,90909.849104814,0.01817926400
OKX DEX,orca,temporal,696712.827341445,0.01808180900
Arb Bot (7XdeQ),raydium,blockrazor,69186.284301274,0.01805086100
Arb Bot (9GCBb),byreal,astralane,609.758504748,0.01800000000
OKX DEX,stabble,temporal,132550.89516601,0.01787355400
Arb Bot (MEVi),orca,jito,8966.246617883,0.01784070400
Binance Wallet,saros,jito,54.127016499,0.01773901200
OKX DEX,pumpfun,jito,13703.553428978,0.01765914100
Binance Wallet,bisonfi,jito,92609.506163645,0.01765826000
Arb Bot (SSSnR,meteora,helius,191234.065606788,0.01756619900
Binance Wallet,saros,blockrazor,1614.296657176,0.01744746400
Binance Wallet,stabble,jito,79426.438171494,0.01744557600
Arb Bot (9i7Qd),orca,temporal,49062.703857157,0.01742952000
Unknown Frontend,zerofi,jito,111021.829122207,0.01733476800
Arb Bot (9i7Qd),humidifi,stellium,44783.231177014,0.01726448600
Arb Bot (zrVF),raydium,stellium,9208.919156944,0.01723237600
Arb Bot (2Vxcb),pumpswap,stellium,471.931922628,0.01714029500
Arb Bot (9i7Qd),byreal,helius,1413.576778962,0.01713991600
Arb Bot (sattC),tesserav,helius,35136.111781267,0.01709659800
Arb Bot (5bsFr),stabble,stellium,57830.510961167,0.01700000000
Arb Bot (BzKg),stabble,temporal,47129.618955379,0.01700000000
Arb Bot (Pp5Nu),pancakeswap,blockrazor,30158.643435445,0.01700000000
DFlow Frontend,pumpswap,temporal,114.075748531,0.01700000000
DFlow Frontend,byreal,jito,872.634143596,0.01693115700
Unknown Frontend,bisonfi,stellium,43676.042025854,0.01692209400
OKX DEX,pumpswap,temporal,41169.01512196,0.01689241000
Arb Bot (9i7Qd),alphaq,astralane,28148.499330989,0.01688893300
OKX DEX,humidifi,temporal,340811.528136755,0.01685516500
OKX DEX,obric,astralane,112730.56609644,0.01673000000
Arb Bot (SSSnR,bisonfi,stellium,81182.724101615,0.01668114200
OKX DEX,obric,helius,101539.039066983,0.01667500000
Titan Exchange,phoenix,astralane,22426.987108236,0.01664000000
Binance Wallet,byreal,0slot,2829.674610935,0.01659137200
Arb Bot (zrVF),manifest,astralane,281447.194371247,0.01656933600
Arb Bot (MEVi),orca,helius,5013.397009156,0.01649614900
Jupiter Agg,invariant,helius,5873.394766222,0.01647758900
Arb Bot (sattC),solfi,helius,17989.821875924,0.01645019700
Arb Bot (5bsFr),zerofi,temporal,176269.748947327,0.01631539500
Arb Bot (BxM),humidifi,blockrazor,16264.136555163,0.01618381800
Arb Bot (9i7Qd),raydium,temporal,40902.347253346,0.01616149800
DFlow Frontend,phoenix,jito,14746.972800713,0.01614114900
OKX DEX,stabble,bloxroute,67.114795539,0.01608500000
Arb Bot (BxM),pumpswap,temporal,435.927081763,0.01606665800
Arb Bot (3Y186),meteora,0slot,40834.781339986,0.01603380900
Arb Bot (9GCBb),meteora,0slot,857.051181662,0.01600000000
Arb Bot (3Y186),meteora,stellium,70990.796252239,0.01600000000
Arb Bot (Duvq),stabble,temporal,101582.928942923,0.01600000000
Arb Bot (A8g42),whalestreet,jito,29669.867238313,0.01598131800
Arb Bot (A8g42),humidifi,blockrazor,5241.852625335,0.01590674000
Arb Bot (5bsFr),goonfi,helius,135540.000879256,0.01572269200
Jupiter Agg,whalestreet,bloxroute,12511.940255136,0.01571956400
OKX DEX,byreal,stellium,91.10463265,0.01570000000
Arb Bot (9i7Qd),pumpswap,blockrazor,1212.59074986,0.01549813700
Unknown Frontend,solfi,blockrazor,17009.90859287,0.01546938500
Titan Exchange,stabble,0slot,5188.946225427,0.01545000000
OKX DEX,whalestreet,0slot,2060.176151919,0.01545000000
Arb Bot (GReEN),raydium,jito,3938762.33613339,0.01537043600
OKX DEX,byreal,jito,21056.556378046,0.01536116600
Titan Exchange,aquifer,helius,326242.42019195,0.01527000000
Arb Bot (zrVF),byreal,helius,38881.306022101,0.01516552900
OKX DEX,pancakeswap,bloxroute,292.801663774,0.01516294700
Arb Bot (A8g42),phoenix,bloxroute,11843.147882356,0.01510951000
Arb Bot (King7),manifest,blockrazor,425.48437403,0.01503240100
Arb Bot (King7),orca,blockrazor,1950.869776171,0.01502226500
Arb Bot (MEMS5),phoenix,blockrazor,31625.156533642,0.01500000000
Arb Bot (9Zzf9),orca,helius,243774.195460855,0.01500000000
Arb Bot (SSSnR,bisonfi,bloxroute,114148.599456202,0.01494245900
Unknown Frontend,tesserav,0slot,3860.048691949,0.01484545200
Arb Bot (88aaa),saber,jito,2431.076537941,0.01480252700
OKX DEX,pancakeswap,helius,390572.500490791,0.01464000000
Unknown Frontend,manifest,0slot,7236.213609798,0.01463202000
Arb Bot (King7),solfi,blockrazor,4514.87817414,0.01462091600
Arb Bot (King7),phoenix,blockrazor,4619.519616044,0.01462091600
OKX DEX,scorch,0slot,2949.691507038,0.01460000000
Arb Bot (5bsFr),jupiter,stellium,112609.65899881,0.01449132600
OKX DEX,pancakeswap,temporal,8495.128351367,0.01441279800
Arb Bot (BxM),byreal,stellium,11176.92870058,0.01439729700
DFlow Frontend,saros,jito,941.161566318,0.01436388000
Bloom Trading Bot,dexscreener-moonshot,0slot,201.039174776,0.01430000000
OKX DEX,humidifi,helius,587742.302962763,0.01424000000
Arb Bot (MEMS5),tesserav,astralane,172171.573088655,0.01423000000
Jupiter Agg,whalestreet,stellium,24728.06701408,0.01411481400
Arb Bot (9i7Qd),stabble,stellium,37394.475057746,0.01403985800
Arb Bot (9GCBb),jupiter,jito,20855.273120626,0.01401472300
Arb Bot (mine9),pancakeswap,blockrazor,15951.461258365,0.01396356600
Arb Bot (XxXxX),stabble,jito,3516.139178046,0.01379268600
Arb Bot (9i7Qd),humidifi,astralane,37848.287390554,0.01369601600
Arb Bot (MEMS5),tesserav,helius,594173.980468533,0.01367500000
Arb Bot (King7),manifest,temporal,810.000728536,0.01363781700
Arb Bot (King7),orca,temporal,832.953305925,0.01363781700
Unknown Frontend,saros,astralane,3256.758037867,0.01360773600
Arb Bot (AWyH),meteora,astralane,265070.677518723,0.01348000000
Arb Bot (sattC),tesserav,stellium,20572.954176475,0.01342816700
Arb Bot (sattC),bisonfi,stellium,20695.003917228,0.01342816700
Jupiter Agg,saros,blockrazor,627.437456345,0.01328676500
Arb Bot (A8g42),bisonfi,0slot,15456.264256264,0.01314625700
Arb Bot (3Y186),meteora,bloxroute,48708.990498234,0.01303777500
Arb Bot (9i7Qd),fluxbeam,helius,19.115879509,0.01302139800
Arb Bot (Pp5Nu),raydium,blockrazor,30640.990139917,0.01300000000
Jupiter Agg,fluxbeam,temporal,331.504882107,0.01300000000
Unknown Frontend,dexscreener-moonshot,bloxroute,47.929310638,0.01300000000
Arb Bot (5bsFr),raydium,temporal,43093.143664458,0.01300000000
Arb Bot (Duvq),byreal,stellium,3823.28531817,0.01300000000
Jupiter Agg,scorch,bloxroute,2984.710376503,0.01281987500
Arb Bot (SSSnR,bisonfi,temporal,39421.851551883,0.01276771500
Jupiter Agg,byreal,bloxroute,588.483743299,0.01260500000
Arb Bot (A8g42),humidifi,0slot,12561.284785029,0.01260178700
Arb Bot (A8g42),bisonfi,bloxroute,41149.043467807,0.01237533100
Arb Bot (BxM),orca,temporal,3819.884355214,0.01233511600
Jupiter Agg,saros,astralane,12446.258304996,0.01232628600
Arb Bot (9GCBb),byreal,bloxroute,577.357933758,0.01230358500
Arb Bot (9GCBb),bisonfi,0slot,56759.645667943,0.01223164700
Arb Bot (MEMS5),phoenix,astralane,82647.409441039,0.01220000000
Arb Bot (MEMS5),obric,astralane,7082401.1305361,0.01208000000
Jupiter Agg,obric,helius,207736.840736704,0.01201972400
Arb Bot (MEMS5),pancakeswap,stellium,16727.496480999,0.01200000000
Arb Bot (MEMS5),tesserav,blockrazor,20380.127486511,0.01200000000
Arb Bot (5bsFr),goonfi,stellium,48037.369918001,0.01200000000
Arb Bot (MEMS5),whalestreet,temporal,35005.371203107,0.01200000000
Arb Bot (XxXxX),solfi,temporal,97586.686980418,0.01188056000
Arb Bot (9GCBb),solfi,0slot,63922.971688631,0.01185038600
Arb Bot (zrVF),meteora,astralane,135436.798682714,0.01175664700
Unknown Frontend,stepn,stellium,793.70883144,0.01172173000
Arb Bot (2Vxcb),byreal,jito,5668.929883754,0.01158369900
Unknown Frontend,stepn,astralane,3377.34716763,0.01156124800
Arb Bot (SSSnR,tesserav,jito,914.781332942,0.01153835700
Jupiter Agg,invariant,stellium,100.678386048,0.01141425400
Arb Bot (Pp5Nu),humidifi,astralane,90725.559420257,0.01132857800
Arb Bot (5bsFr),manifest,temporal,181245.418482976,0.01130360700
Arb Bot (BzKg),whalestreet,helius,90320.235922322,0.01126157800
Titan Exchange,phoenix,temporal,19141.748402391,0.01123638600
Arb Bot (XxXxX),alphaq,0slot,35612.112714552,0.01123604000
Bloom Trading Bot,orca,temporal,78.604177952,0.01102000000
Unknown Frontend,dexscreener-moonshot,astralane,21.385582295,0.01100000100
Arb Bot (BzKg),goonfi,temporal,23212.192569555,0.01100000000
Arb Bot (9GCBb),solfi,blockrazor,29305.512865642,0.01100000000
Arb Bot (3Y186),raydium,0slot,15783.593270902,0.01100000000
Arb Bot (MEMS5),obric,stellium,230026.913487365,0.01100000000
Arb Bot (MEMS5),solfi,helius,3156038.42053538,0.01093000000
OKX DEX,obric,temporal,671606.443716116,0.01090386800
Arb Bot (SSSnR,meteora,stellium,20027.354313701,0.01076660600
Arb Bot (SSSnR,zerofi,stellium,19963.785249504,0.01076660600
DFlow Frontend,stabble,helius,975.837724744,0.01074500000
Arb Bot (3URuD),pancakeswap,blockrazor,12018.527309361,0.01069288500
Arb Bot (BxM),raydium,jito,3996.559804491,0.01063846800
Arb Bot (9GCBb),saros,jito,368.00931362,0.01061704300
Arb Bot (zrVF),solfi,helius,112561.37944287,0.01060745200
Arb Bot (King7),pancakeswap,jito,227.575734106,0.01053459100
Arb Bot (sattC),saros,jito,1.553714596,0.01051146400
Arb Bot (zrVF),pumpswap,helius,26318.921630654,0.01051096600
Arb Bot (mine9),tesserav,blockrazor,4095.733764569,0.01042463200
Arb Bot (King7),phoenix,bloxroute,1800.507682021,0.01039430700
Arb Bot (King7),solfi,bloxroute,1818.168455226,0.01039430700
Arb Bot (NA247),raydium,astralane,1762.294381648,0.01033996700
Jupiter Agg,jupiter,bloxroute,94311.788442538,0.01016294100
Arb Bot (5bsFr),jupiter,helius,113853.684015781,0.01011578900
Arb Bot (SSSnR,bisonfi,blockrazor,32705.402106034,0.01001543900
Arb Bot (9GCBb),manifest,temporal,111259.522367157,0.01000121400
Arb Bot (MEMS5),stabble,temporal,31709.567523818,0.01000000000
Arb Bot (5bsFr),alphaq,temporal,87960.558003536,0.01000000000
Arb Bot (5bsFr),solfi,temporal,41905.223233581,0.01000000000
Unknown Frontend,stepn,temporal,1525.018325377,0.00988918500
Arb Bot (XxXxX),stabble,helius,81060.451351721,0.00987168500
Unknown Frontend,dexscreener-moonshot,0slot,340.251351919,0.00980000000
Arb Bot (SSSnR,jupiter,temporal,26160.148045356,0.00976119300
Unknown Frontend,goonfi,jito,28747.459947146,0.00972762100
Arb Bot (MEMS5),byreal,astralane,16494.740248371,0.00960000000
Jupiter Agg,invariant,0slot,3.001269879,0.00960000000
Arb Bot (mine9),manifest,stellium,367.35832822,0.00952699300
OKX DEX,bisonfi,jito,233465.28553253,0.00949565200
Unknown Frontend,byreal,stellium,981.3280517,0.00940540800
Arb Bot (BxM),alphaq,blockrazor,23764.097117626,0.00936117600
Arb Bot (9i7Qd),byreal,astralane,1032.669151644,0.00932955200
Unknown Frontend,dexscreener-moonshot,blockrazor,339.039816553,0.00927000100
Jupiter Agg,saber,helius,143283.152155294,0.00921684400
Unknown Frontend,stabble,blockrazor,15005.435554001,0.00919794500
Arb Bot (XxXxX),manifest,astralane,16269.803738562,0.00914638800
Unknown Frontend,byreal,helius,4351.735343831,0.00912413300
Arb Bot (5bsFr),humidifi,temporal,62529.26505974,0.00908641500
Binance Wallet,obric,0slot,130911.689747319,0.00905980200
Arb Bot (SSSnR,humidifi,temporal,397.761951309,0.00904687200
Arb Bot (MEMS5),byreal,blockrazor,1306.557844245,0.00900000000
Arb Bot (MEMS5),pumpswap,temporal,1277.144812695,0.00900000000
Arb Bot (MEMS5),saros,helius,13172.039924059,0.00899500000
Arb Bot (mine9),orca,bloxroute,260.940983414,0.00892287700
Arb Bot (9i7Qd),stabble,astralane,25156.784757932,0.00891270800
Unknown Frontend,whalestreet,jito,5655.90695642,0.00886418700
Arb Bot (9i7Qd),saber,jito,35.16449091,0.00884860800
Arb Bot (MEVi),alphaq,jito,76354.751423851,0.00877907600
Arb Bot (BxM),alphaq,astralane,135896.368669296,0.00876998800
Titan Exchange,goonfi,astralane,48061.68338745,0.00871000000
Arb Bot (88aaa),mercurial,jito,727.278617296,0.00867137000
Arb Bot (MEMS5),mercurial,jito,3659.385091905,0.00862465300
Arb Bot (mine9),tesserav,stellium,5724.247438429,0.00862067500
Arb Bot (A8g42),bisonfi,stellium,44143.896901,0.00853792700
Arb Bot (GMGNr),pumpswap,helius,732.828598679,0.00852655800
DFlow Frontend,humidifi,jito,31325.055791247,0.00848034400
Arb Bot (A8g42),saros,jito,200.314480051,0.00845638900
Arb Bot (MEMS5),saber,jito,5875.382049445,0.00845043600
Arb Bot (A8g42),byreal,helius,2066.894755427,0.00842774500
Arb Bot (2A6m4),jupiter,helius,41379.911330453,0.00835532400
Arb Bot (XxXxX),tesserav,0slot,7695.966327415,0.00834465000
Unknown Frontend,phoenix,blockrazor,2464.813312726,0.00826457100
Arb Bot (NA247),orca,jito,10928.67514972,0.00825277100
Jupiter Agg,fluxbeam,jito,761.961961699,0.00823633600
Unknown Frontend,goonfi,helius,11401.081130117,0.00823014300
Arb Bot (XxXxX),pancakeswap,astralane,59154.628454084,0.00820672100
Unknown Frontend,fluxbeam,astralane,90.916710442,0.00804431500
Unknown Frontend,solfi,helius,26943.181257646,0.00801690300
Arb Bot (Pp5Nu),jupiter,helius,48299.159412537,0.00800735400
Arb Bot (9GCBb),pancakeswap,temporal,17844.213594261,0.00800000000
Arb Bot (5bsFr),stabble,temporal,13064.643387311,0.00800000000
Liquid Mesh Frontend,phoenix,helius,215.50952227,0.00800000000
Arb Bot (88aaa),humidifi,jito,820.033189791,0.00794271200
Arb Bot (7XdeQ),jupiter,helius,31774.950967894,0.00789605200
Arb Bot (3URuD),pancakeswap,bloxroute,8926.066438359,0.00763777500
OKX DEX,pumpfun,temporal,2954.652953686,0.00757254100
Arb Bot (SSSnR,zerofi,temporal,25719.29968645,0.00756721400
Arb Bot (9i7Qd),alphaq,stellium,4491.63615054,0.00752643600
Arb Bot (SSSnR,orca,temporal,20096.811193961,0.00748084700
Arb Bot (9i7Qd),orca,0slot,1076.526249519,0.00745836300
Arb Bot (9GCBb),pumpfun,bloxroute,45.557655183,0.00739784300
Arb Bot (9GCBb),pumpfun,stellium,57.963799404,0.00738503500
Arb Bot (zrVF),pancakeswap,stellium,13032.015820067,0.00736949500
Unknown Frontend,saros,stellium,297.674424193,0.00722482100
Arb Bot (Duvq),byreal,helius,11017.30175193,0.00721901800
Arb Bot (SSSnR,alphaq,helius,78471.978985388,0.00715319400
Binance Wallet,manifest,jito,20793.495377925,0.00713934500
Titan Exchange,saros,jito,340.361994048,0.00713131100
Unknown Frontend,saros,helius,2143.2458876,0.00712723500
Arb Bot (XxXxX),tesserav,astralane,49423.565312822,0.00710954200
Arb Bot (BxM),humidifi,temporal,3420.384248129,0.00704659900
DFlow Frontend,meteora,temporal,9.952582106,0.00700000000
DFlow Frontend,tesserav,temporal,20.271636434,0.00700000000
OKX DEX,whalestreet,blockrazor,213.087510202,0.00700000000
Arb Bot (Duvq),byreal,temporal,505.346567089,0.00700000000
Arb Bot (XxXxX),pancakeswap,temporal,8045.18945127,0.00700000000
Arb Bot (9GCBb),saros,stellium,809.375979721,0.00700000000
Arb Bot (XxXxX),manifest,stellium,23039.663126987,0.00700000000
Arb Bot (MEMS5),byreal,temporal,2138.33547039,0.00700000000
Arb Bot (BxM),alphaq,0slot,28786.521663792,0.00700000000
Arb Bot (XxXxX),stabble,0slot,40918.190308868,0.00700000000
Arb Bot (9Zzf9),meteora,helius,32858.567238351,0.00700000000
Arb Bot (XxXxX),tesserav,blockrazor,43913.92743924,0.00697235600
Arb Bot (MEMS5),stabble,astralane,187828.517776606,0.00696000000
Arb Bot (SSSnR,phoenix,stellium,15367.06359144,0.00692922500
Squads Wallet,humidifi,jito,89124.976652865,0.00690000000
Arb Bot (King7),raydium,blockrazor,600.08750921,0.00689840300
Arb Bot (King7),pancakeswap,blockrazor,587.664187265,0.00689840300
Jupiter Agg,byreal,stellium,688.733593001,0.00684817700
Arb Bot (XxXxX),byreal,astralane,3055.075106824,0.00675997800
Arb Bot (NA247),orca,0slot,429.504653524,0.00671999900
Arb Bot (GReEN),pancakeswap,jito,1894442.74669545,0.00657495300
Arb Bot (BxM),solfi,helius,54317.834746953,0.00654964300
Arb Bot (MEVi),solfi,jito,53560.682725372,0.00653079900
Binance Wallet,zerofi,jito,40732.223546331,0.00651468800
OKX DEX,byreal,blockrazor,19.314260615,0.00650000000
Arb Bot (King7),manifest,bloxroute,439.988641009,0.00627877600
Arb Bot (9i7Qd),solfi,stellium,20953.90583387,0.00622559100
Unknown Frontend,byreal,blockrazor,1464.757168153,0.00621207600
Binance Wallet,whalestreet,0slot,1076.075884033,0.00619403400
Jupiter Agg,phoenix,bloxroute,13790.8790952,0.00616322300
Arb Bot (9i7Qd),solfi,blockrazor,8965.31168778,0.00615649500
Arb Bot (3URuD),pancakeswap,temporal,6939.1865,0.00611022000
Arb Bot (XxXxX),alphaq,helius,57564.838480975,0.00607143400
Arb Bot (zrVF),raydium,astralane,50276.214769053,0.00606688800
Arb Bot (AWyH),orca,helius,448005.503506854,0.00604500000
Bloom Trading Bot,orca,jito,66.488290271,0.00601000000
Binance Wallet,saros,0slot,37.350339977,0.00600205400
Arb Bot (MEMS5),byreal,stellium,1050.319838094,0.00600000000
Jupiter Agg,invariant,bloxroute,2.403948316,0.00600000000
Arb Bot (5bsFr),whalestreet,stellium,18086.846053856,0.00600000000
Arb Bot (BzKg),byreal,stellium,5371.027822307,0.00600000000
Arb Bot (9GCBb),byreal,blockrazor,274.540415278,0.00600000000
Arb Bot (XxXxX),alphaq,stellium,31132.824128543,0.00600000000
Arb Bot (2Vxcb),solfi,astralane,63581.475139076,0.00597663600
Arb Bot (BxM),pancakeswap,temporal,5229.003041994,0.00593516900
Arb Bot (King7),byreal,stellium,148.699327995,0.00591983400
Arb Bot (King7),pancakeswap,stellium,130.730980151,0.00591983400
Titan Exchange,byreal,helius,8321.785422,0.00588000000
Unknown Frontend,stepn,helius,1809.112848561,0.00585060400
Unknown Frontend,tesserav,jito,18176.341301927,0.00581383400
Arb Bot (MEVi),pumpswap,0slot,427.116941197,0.00572535700
Jupiter Agg,dexscreener-moonshot,0slot,203.114565363,0.00571000000
Arb Bot (zrVF),orca,astralane,102148.176271007,0.00570610800
Arb Bot (MEVi),manifest,jito,57784.685698993,0.00570420100
Arb Bot (SSSnR,humidifi,astralane,191558.750167371,0.00567081000
Arb Bot (NA247),orca,stellium,963.940818458,0.00557890900
Titan Exchange,pumpfun,jito,5502.033506256,0.00554183300
Arb Bot (9i7Qd),alphaq,helius,30427.520828421,0.00550720500
DFlow Frontend,solfi,helius,502.769427821,0.00550000000
Arb Bot (GReEN),meteora,jito,2977533.54757205,0.00548238400
OKX DEX,byreal,helius,1246.899525839,0.00544000000
Unknown Frontend,zerofi,helius,77273.244403955,0.00543803800
Arb Bot (SSSnR,byreal,helius,1259.454864366,0.00538203700
Arb Bot (BxM),humidifi,jito,2144.650999906,0.00528852900
Arb Bot (King7),manifest,astralane,59952.720877229,0.00521569700
OKX DEX,whalestreet,stellium,12.716931715,0.00520000000
Axiom Frontend,orca,astralane,9387.762516115,0.00519220300
Unknown Frontend,saber,astralane,11699.460202933,0.00516235300
Arb Bot (2Vxcb),byreal,astralane,18736.001206179,0.00513874100
Arb Bot (SSSnR,zerofi,blockrazor,15714.740314755,0.00513717900
Arb Bot (MEMS5),obric,helius,5059171.38577029,0.00510500000
Arb Bot (mine9),tesserav,bloxroute,1778.748082219,0.00505029300
Binance Wallet,saber,blockrazor,1874.732423265,0.00502954600
Jupiter Agg,pumpfun,stellium,82.584293725,0.00500000000
Arb Bot (BzKg),phoenix,temporal,35302.909828245,0.00500000000
OKX DEX,saros,0slot,0.03937330317,0.00500000000
Arb Bot (BzKg),whalestreet,stellium,10083.928882384,0.00500000000
OKX DEX,phoenix,bloxroute,89.20322091,0.00500000000
Arb Bot (XxXxX),alphaq,bloxroute,9314.032970568,0.00500000000
Arb Bot (MEMS5),obric,blockrazor,51327.335109126,0.00500000000
DFlow Frontend,pancakeswap,blockrazor,9.049452,0.00500000000
Titan Exchange,phoenix,0slot,3626.307250498,0.00495000000
Arb Bot (5bsFr),whalestreet,helius,62141.162881163,0.00490073700
Arb Bot (9i7Qd),pancakeswap,blockrazor,1616.148256866,0.00488277900
Arb Bot (9i7Qd),humidifi,temporal,7121.73722413,0.00487918000
Arb Bot (SSSnR,phoenix,blockrazor,1397.572496151,0.00487826000
OKX DEX,stabble,helius,8143.132164189,0.00484000000
Arb Bot (GMGNr),pumpfun,helius,135.772151765,0.00483812000
OKX DEX,stabble,astralane,6296.794566816,0.00480000000
Arb Bot (MEMS5),byreal,helius,28793.487902482,0.00480000000
Arb Bot (A8g42),pancakeswap,bloxroute,11079.300448348,0.00474160900
Arb Bot (9GCBb),saber,jito,19.114395229,0.00465351700
Arb Bot (9GCBb),saros,0slot,233.980542486,0.00462807500
Unknown Frontend,manifest,blockrazor,40329.156598606,0.00461265400
Titan Exchange,saros,temporal,437.005004775,0.00460745700
Arb Bot (9i7Qd),solfi,temporal,8120.933401326,0.00460143300
OKX DEX,humidifi,stellium,0.7477554047,0.00460000000
Arb Bot (Duvq),pumpswap,helius,761.165829954,0.00457704400
Arb Bot (mine9),byreal,blockrazor,65.122511267,0.00450781500
Unknown Frontend,humidifi,stellium,21337.127411968,0.00449643300
Unknown Frontend,stabble,astralane,228.216386602,0.00446577100
Arb Bot (SSSnR,phoenix,helius,19117.571895572,0.00446525300
Unknown Frontend,stepn,blockrazor,461.075816396,0.00440412600
Arb Bot (A8g42),humidifi,bloxroute,1702.832610675,0.00433788500
Arb Bot (Duvq),jupiter,helius,75474.856949951,0.00432095600
Squads Wallet,goonfi,jito,5926.10601643,0.00430000000
Squads Wallet,solfi,jito,284983.768716352,0.00430000000
Arb Bot (SSSnR,zerofi,astralane,32668.452678544,0.00429959700
Arb Bot (BxM),solfi,astralane,42798.421997366,0.00429778000
Arb Bot (SSSnR,alphaq,bloxroute,12846.025315397,0.00428320800
Arb Bot (SSSnR,phoenix,bloxroute,12888.60101598,0.00428320800
Arb Bot (mine9),byreal,bloxroute,165.19791247,0.00428224300
Arb Bot (88aaa),jupiter,jito,985.388611236,0.00426620400
Jupiter Agg,stepn,bloxroute,103.489087209,0.00411900000
OKX DEX,scorch,astralane,401958.269435018,0.00411000000
Arb Bot (9GCBb),stabble,temporal,56489.6714891,0.00400121400
DFlow Frontend,tesserav,0slot,314.409958868,0.00400000000
Arb Bot (XxXxX),stabble,bloxroute,13315.933386959,0.00400000000
Titan Exchange,raydium,bloxroute,0.965675336,0.00400000000
Arb Bot (9Zzf9),manifest,helius,20577.464365097,0.00400000000
Arb Bot (HpN),pancakeswap,bloxroute,87.83161275,0.00400000000
Arb Bot (5bsFr),byreal,stellium,738.413630221,0.00400000000
Arb Bot (MEMS5),stabble,stellium,2803.110747713,0.00400000000
Arb Bot (9GCBb),byreal,temporal,169.77450836,0.00400000000
Arb Bot (9GCBb),manifest,bloxroute,19568.3146619,0.00400000000
Arb Bot (MEMS5),jupiter,stellium,41111.586877777,0.00400000000
Arb Bot (Pp5Nu),jupiter,bloxroute,68899.403198555,0.00400000000
Arb Bot (MEMS5),pancakeswap,blockrazor,1047.336748866,0.00400000000
Arb Bot (5bsFr),goonfi,temporal,10515.161455789,0.00400000000
Arb Bot (9GCBb),pancakeswap,0slot,6776.896216207,0.00400000000
DFlow Frontend,saros,temporal,4.689856181,0.00400000000
Arb Bot (9GCBb),humidifi,temporal,4735.994569938,0.00400000000
Arb Bot (BzKg),byreal,temporal,1383.636983148,0.00400000000
Unknown Frontend,solfi,bloxroute,14.875581686,0.00400000000
Arb Bot (9GCBb),stabble,helius,24646.465344948,0.00400000000
Arb Bot (MEMS5),jupiter,temporal,53951.869889795,0.00400000000
Arb Bot (BxM),byreal,helius,16550.719827751,0.00395678800
Arb Bot (MEMS5),fluxbeam,jito,466.231001516,0.00386020100
Squads Wallet,meteora,jito,12816.734711419,0.00380000000
OKX DEX,whalestreet,astralane,278265.750450925,0.00374000000
Arb Bot (MEMS5),phoenix,helius,93648.506355159,0.00373500000
Arb Bot (SSSnR,stabble,helius,26928.659409807,0.00371445500
Arb Bot (XxXxX),phoenix,bloxroute,274.870916887,0.00369167000
Arb Bot (9i7Qd),bisonfi,0slot,9249.512359905,0.00368708300
Arb Bot (Duvq),jupiter,stellium,32148.219511725,0.00368014300
Arb Bot (MEVi),pumpswap,stellium,271.677033371,0.00361558200
Arb Bot (BzKg),byreal,helius,9369.683833827,0.00355913300
Arb Bot (BzKg),whalestreet,temporal,13440.171042662,0.00348361900
Arb Bot (King7),pumpfun,jito,33.834952572,0.00342491400
OKX DEX,byreal,temporal,8521.393074703,0.00342425800
Unknown Frontend,stabble,0slot,1042.55395825,0.00340089300
Arb Bot (MEVi),pancakeswap,jito,4287.382447743,0.00327835100
Unknown Frontend,goonfi,blockrazor,131349.093313055,0.00326818800
Binance Wallet,aquifer,jito,14514.794893349,0.00325293000
Unknown Frontend,tesserav,blockrazor,5138.91701061,0.00323976300
Jupiter Agg,fluxbeam,helius,16.98943077,0.00312304800
Arb Bot (3Y186),jupiter,helius,12407.98633958,0.00311790600
Arb Bot (7XdeQ),stabble,jito,3935.587135448,0.00310404700
Arb Bot (5bsFr),phoenix,temporal,32046.013718114,0.00307830700
Arb Bot (3URuD),pancakeswap,stellium,3460.746776984,0.00305511000
Unknown Frontend,saros,0slot,215.815038774,0.00301800000
Arb Bot (XxXxX),manifest,blockrazor,7790.587014167,0.00300000000
Arb Bot (8A2a),meteora,helius,299975.24,0.00300000000
Arb Bot (MEMS5),pumpswap,blockrazor,138.790827981,0.00300000000
Jupiter Agg,obric,temporal,6207.550736797,0.00300000000
Arb Bot (XxXxX),stabble,blockrazor,298.133092357,0.00300000000
Arb Bot (BzKg),stepn,temporal,404.35630892,0.00300000000
Arb Bot (GMGNr),raydium,helius,344.293429784,0.00300000000
Unknown Frontend,zerofi,bloxroute,19.153817438,0.00300000000
Titan Exchange,meteora,bloxroute,0.3255062417,0.00300000000
Arb Bot (MEMS5),saros,blockrazor,123.547461224,0.00300000000
Arb Bot (Duvq),whalestreet,stellium,7180.362731362,0.00300000000
Arb Bot (XxXxX),stabble,stellium,34.611458268,0.00300000000
DFlow Frontend,solfi,temporal,6.010686356,0.00300000000
Arb Bot (9Zzf9),orca,astralane,77091.872525561,0.00300000000
Arb Bot (MEVi),meteora,0slot,167.955587447,0.00300000000
Arb Bot (8A2a),meteora,temporal,298661.895596424,0.00300000000
Arb Bot (BxM),byreal,0slot,956.91525739,0.00300000000
Jupiter Agg,saber,blockrazor,790.856976106,0.00300000000
Arb Bot (BxM),alphaq,temporal,11534.041414416,0.00300000000
Arb Bot (AWyH),meteora,helius,118239.557374179,0.00299000000
Arb Bot (zrVF),humidifi,helius,19475.515543481,0.00295684300
Arb Bot (XxXxX),aquifer,helius,10244.930662214,0.00292726700
Jupiter Agg,obric,blockrazor,2704.005516295,0.00291516000
Jupiter Agg,invariant,astralane,8196.8303922,0.00291341200
Arb Bot (9i7Qd),byreal,temporal,671.221781917,0.00291301400
Arb Bot (XxXxX),phoenix,astralane,386.318604483,0.00290567500
Arb Bot (Duvq),whalestreet,helius,34036.782182753,0.00287531200
Arb Bot (mine9),pumpswap,0slot,101.497892238,0.00286994300
Arb Bot (mine9),meteora,0slot,100.239019892,0.00286994300
Titan Exchange,scorch,temporal,2000.76503871,0.00286202700
Arb Bot (zrVF),solfi,stellium,7072.621713969,0.00277206400
Arb Bot (SSSnR,solfi,astralane,9558.277039498,0.00269707800
Jupiter Agg,mercurial,helius,3623.390990046,0.00269569300
Arb Bot (A8g42),orca,blockrazor,51.141356348,0.00268103400
Arb Bot (XxXxX),goonfi,astralane,12638.061844374,0.00264216900
Arb Bot (9i7Qd),byreal,0slot,90.570264245,0.00258856000
Arb Bot (A8g42),pancakeswap,helius,4798.93052814,0.00257248600
Unknown Frontend,phoenix,stellium,1033.122840322,0.00256725100
Unknown Frontend,invariant,jito,72.088054545,0.00254789300
Arb Bot (GMGNr),orca,helius,231.652397619,0.00254347400
Arb Bot (9i7Qd),solfi,helius,8582.065505357,0.00253263100
Arb Bot (9GCBb),pumpfun,helius,82.12447941,0.00253248600
Jupiter Agg,stepn,astralane,25483.775771317,0.00253160200
Squads Wallet,whalestreet,jito,6146.559308616,0.00250000000
Arb Bot (9GCBb),stabble,jito,10606.986897359,0.00249731400
Arb Bot (MEMS5),fluxbeam,astralane,340.365706034,0.00248000000
Unknown Frontend,dexscreener-moonshot,helius,542.260567309,0.00247000000
Arb Bot (3Y186),jupiter,stellium,5028.167422886,0.00244343300
Arb Bot (5bsFr),byreal,helius,7401.023461015,0.00241553500
Arb Bot (9i7Qd),pancakeswap,helius,83.883007376,0.00241015300
Arb Bot (Pp5Nu),pumpswap,stellium,129.759997212,0.00235213800
Arb Bot (zrVF),orca,stellium,16112.42830463,0.00235048100
Unknown Frontend,saber,helius,859.411355266,0.00234919400
Arb Bot (GMGNr),meteora,helius,361.206355376,0.00230000000
OKX DEX,obric,stellium,0.1602608327,0.00230000000
Photon Frontend,orca,jito,2.946117565,0.00230000000
Arb Bot (9i7Qd),solfi,astralane,1760.022746582,0.00225460700
Liquid Mesh Frontend,raydium,jito,2296.022412769,0.00225363400
Titan Exchange,pumpfun,temporal,1633.535250264,0.00224212600
Arb Bot (9GCBb),manifest,0slot,27518.148215221,0.00223164700
Jupiter Agg,marcopolo,helius,20.185264809,0.00220000000
Binance Wallet,invariant,blockrazor,12.176052421,0.00216263800
Arb Bot (7XdeQ),pumpswap,astralane,94.550532362,0.00215143800
Jupiter Agg,stepn,stellium,1915.156200607,0.00212247000
Unknown Frontend,stepn,bloxroute,188.37912523,0.00212000000
Titan Exchange,scorch,jito,26783.872308937,0.00211031400
DFlow Frontend,pancakeswap,0slot,29.685631813,0.00210000000
Squads Wallet,orca,jito,2521114.42788524,0.00210000000
Arb Bot (9i7Qd),pancakeswap,0slot,335.398722683,0.00208658000
Unknown Frontend,saber,stellium,3907.154922846,0.00207296700
OKX DEX,pumpfun,helius,120.136495432,0.00204000000
Titan Exchange,saros,astralane,32.975562964,0.00203000000
Arb Bot (9i7Qd),pancakeswap,astralane,19.654796632,0.00202981200
Jupiter Agg,saros,temporal,51.317616152,0.00201860600
Arb Bot (2Vxcb),solfi,jito,38643.967860739,0.00201412500
DFlow Frontend,raydium,temporal,5.950967836,0.00200000000
Arb Bot (MEMS5),mercurial,stellium,1032.836991663,0.00200000000
OKX DEX,whalestreet,bloxroute,5.791741282,0.00200000000
Jupiter Agg,invariant,blockrazor,0.19998602,0.00200000000
Arb Bot (HpN),pancakeswap,stellium,29.27720425,0.00200000000
Arb Bot (BzKg),stepn,stellium,1149.62264501,0.00200000000
Arb Bot (9GCBb),saros,helius,93.128998017,0.00200000000
Arb Bot (MEMS5),whalestreet,stellium,4216.227897935,0.00200000000
Arb Bot (BxM),solfi,temporal,741.869925499,0.00200000000
Axiom Frontend,pumpfun,bloxroute,0.5875551847,0.00200000000
Titan Exchange,obric,bloxroute,0.3410797256,0.00200000000
Unknown Frontend,pumpswap,temporal_private,25.159759629,0.00200000000
Arb Bot (9GCBb),saros,astralane,37.839453251,0.00200000000
Arb Bot (mine9),zerofi,blockrazor,1594.66825906,0.00200000000
Arb Bot (MEMS5),pumpswap,stellium,30.923940749,0.00200000000
Arb Bot (9GCBb),byreal,0slot,142.161954945,0.00200000000
Arb Bot (Pp5Nu),stabble,stellium,14339.646965387,0.00200000000
Arb Bot (MEMS5),stabble,blockrazor,2661.599349876,0.00200000000
Arb Bot (9GCBb),pumpfun,astralane,8.773241274,0.00200000000
Arb Bot (BxM),solfi,stellium,1967.670220031,0.00200000000
Arb Bot (MEMS5),saros,temporal,84.700919932,0.00200000000
Arb Bot (SSSnR,goonfi,jito,1190.210979948,0.00198812700
Arb Bot (MEMS5),marcopolo,astralane,704.84890513,0.00196000000
Squads Wallet,bisonfi,jito,45751.714052563,0.00190000000
OKX DEX,phoenix,0slot,1645.001095714,0.00190000000
ZeroFi Program,zerofi,stellium,3820.116532771,0.00188298200
Unknown Frontend,stabble,stellium,3823.706606434,0.00188298200
OKX DEX,phoenix,astralane,2175.113975513,0.00180000000
Arb Bot (MEMS5),marcopolo,jito,461.493764443,0.00179539500
OKX DEX,saber,temporal,69707.251117984,0.00172957800
Arb Bot (MEVi),tesserav,jito,1265.58250306,0.00170823800
Arb Bot (XxXxX),goonfi,temporal,201.994896424,0.00169708700
Binance Wallet,mercurial,blockrazor,334.930154905,0.00169611300
Unknown Frontend,stabble,helius,501.081357609,0.00167621000
Jupiter Agg,dexscreener-moonshot,jito,11.15921849,0.00167252800
Jupiter Agg,obric,astralane,112808.634289598,0.00166500000
Arb Bot (MEMS5),pumpswap,astralane,13270.951837255,0.00166000000
Unknown Frontend,zerofi,astralane,58558.594867062,0.00164604400
Arb Bot (MEMS5),invariant,astralane,6603.37247038,0.00160000000
Arb Bot (zrVF),byreal,jito,2128.72947529,0.00158589900
Arb Bot (zrVF),solfi,jito,5991.852159829,0.00155212700
Arb Bot (9i7Qd),alphaq,temporal,14409.068760172,0.00155070700
Jupiter Agg,mercurial,astralane,9178.041036114,0.00149025700
Arb Bot (9GCBb),pumpfun,temporal,13.267786686,0.00142416900
Arb Bot (SSSnR,meteora,astralane,39975.367141865,0.00142165300
Unknown Frontend,aquifer,jito,1466.397331016,0.00141162200
Titan Exchange,saros,0slot,109.340096041,0.00140000000
Arb Bot (MEMS5),mercurial,astralane,3307.039109946,0.00139000000
Titan Exchange,phoenix,helius,4031.071672953,0.00138500000
Arb Bot (MEMS5),saber,astralane,11180.470848758,0.00137000000
Arb Bot (9GCBb),saros,blockrazor,126.514424908,0.00135440100
Arb Bot (9i7Qd),pancakeswap,stellium,95.067922937,0.00126410200
Arb Bot (BxM),manifest,helius,5053.678790702,0.00123038800
Unknown Frontend,goonfi,astralane,18406.317081413,0.00121286800
Unknown Frontend,byreal,0slot,83.180940903,0.00121218500
Axiom Frontend,dexscreener-moonshot,astralane,2652.010294582,0.00121090400
Arb Bot (zrVF),humidifi,stellium,349.714960313,0.00120086000
Unknown Frontend,invariant,helius,0.5691494806,0.00120000000
DFlow Frontend,phoenix,helius,40.121037414,0.00120000000
Arb Bot (MEMS5),pumpswap,helius,13022.352728447,0.00117000000
Arb Bot (MEMS5),stabble,helius,206208.683315225,0.00114000000
Jupiter Agg,saber,0slot,2499.9597,0.00113707700
Arb Bot (zrVF),solfi,astralane,7951.240485489,0.00113222500
Arb Bot (88aaa),invariant,jito,108.026598709,0.00110248200
Arb Bot (BzKg),jupiter,helius,12612.97959168,0.00109546300
Unknown Frontend,alphaq,astralane,77989.571090601,0.00108897400
Arb Bot (XxXxX),jupiter,helius,211.253573279,0.00107966400
Arb Bot (9i7Qd),stabble,temporal,1937.682265112,0.00106773500
Unknown Frontend,saros,bloxroute,182.346181543,0.00106000000
Arb Bot (SSSnR,pancakeswap,helius,13661.847524478,0.00105616300
Arb Bot (GMGNr),pumpswap,jito,3622.901255534,0.00102489900
Unknown Frontend,alphaq,helius,51288.465306079,0.00102081500
Unknown Frontend,saros,temporal,62.833581945,0.00100600000
Unknown Frontend,stepn,0slot,115.712024715,0.00100600000
Arb Bot (Duvq),saber,stellium,237.42047227,0.00100000000
Unknown Frontend,jupiter,bloxroute,19567.191513986,0.00100000000
Arb Bot (Pp5Nu),jupiter,stellium,20280.008157071,0.00100000000
Arb Bot (5bsFr),byreal,temporal,242.606450538,0.00100000000
Arb Bot (Pp5Nu),saros,helius,57.128693583,0.00100000000
Unknown Frontend,goonfi,temporal,2324.785242613,0.00100000000
Arb Bot (BzKg),jupiter,temporal,15445.848873074,0.00100000000
DFlow Frontend,pancakeswap,temporal,2.888254656,0.00100000000
Arb Bot (mine9),manifest,blockrazor,82.69780571,0.00100000000
Arb Bot (XxXxX),manifest,temporal,238.8784851,0.00100000000
Arb Bot (7XdeQ),jupiter,astralane,193582.284109038,0.00100000000
Unknown Frontend,jupiter,astralane,38545.780138212,0.00100000000
Titan Exchange,stabble,bloxroute,0.1139215937,0.00100000000
Arb Bot (Duvq),pumpswap,stellium,4.321803905,0.00100000000
Arb Bot (BxM),saros,stellium,39.651412171,0.00100000000
OKX DEX,obric,bloxroute,0.05036196454,0.00100000000
Arb Bot (9GCBb),pumpfun,blockrazor,8.311027005,0.00100000000
DFlow Frontend,stabble,temporal,0.969906201,0.00100000000
Arb Bot (XxXxX),jupiter,0slot,20.703467231,0.00100000000
DFlow Frontend,meteora,0slot,17.09743,0.00100000000
Arb Bot (BxM),solfi,blockrazor,2648.948510876,0.00100000000
Arb Bot (MEVi),raydium,0slot,79.95131497,0.00100000000
Arb Bot (BxM),saros,0slot,33.102678563,0.00100000000
DFlow Frontend,stabble,0slot,1.001395492,0.00100000000
Arb Bot (XxXxX),alphaq,temporal,2541.294084465,0.00100000000
Arb Bot (BzKg),jupiter,stellium,15399.022320602,0.00100000000
Arb Bot (MEMS5),saber,temporal,1706.832382226,0.00100000000
Arb Bot (3Y186),jupiter,astralane,27078.324487919,0.00100000000
DFlow Frontend,bisonfi,temporal,0.799997712,0.00100000000
Arb Bot (XxXxX),alphaq,blockrazor,5724.976644901,0.00100000000
Arb Bot (MEMS5),invariant,temporal,0.09760885344,0.00100000000
Titan Exchange,saros,bloxroute,0.3633934396,0.00100000000
Unknown Frontend,byreal,temporal,14.162454479,0.00100000000
Jupiter Agg,saber,stellium,4995.267684359,0.00100000000
Arb Bot (9Zzf9),meteora,astralane,22230.663724182,0.00100000000
Unknown Frontend,alphaq,stellium,16418.887685408,0.00100000000
Arb Bot (BxM),solfi,0slot,2646.859164677,0.00100000000
Arb Bot (Duvq),stepn,temporal,351.405973676,0.00100000000
Arb Bot (8A2a),meteora,bloxroute,97021.654280335,0.00100000000
Arb Bot (7XdeQ),stabble,helius,17025.926957776,0.00100000000
Arb Bot (7XdeQ),saros,0slot,159.20867233,0.00100000000
Titan Exchange,orca,bloxroute,0.178296259,0.00100000000
Jupiter Agg,dexscreener-moonshot,temporal,0.9783374147,0.00100000000
Arb Bot (BzKg),invariant,temporal,40.057974105,0.00100000000
Arb Bot (MEMS5),saber,stellium,924.560990191,0.00100000000
Unknown Frontend,meteora,temporal_private,0.0001324484935,0.00100000000
Arb Bot (3Y186),jupiter,0slot,43255.085170664,0.00100000000
Arb Bot (mine9),zerofi,bloxroute,187.415049553,0.00100000000
Arb Bot (9Zzf9),raydium,helius,15940.070615063,0.00100000000
Arb Bot (5bsFr),invariant,temporal,564.157120545,0.00100000000
Arb Bot (5bsFr),whalestreet,temporal,1459.132214475,0.00100000000
Arb Bot (Pp5Nu),stabble,helius,6921.713959914,0.00100000000
Arb Bot (XxXxX),jupiter,bloxroute,14.684615883,0.00100000000
Arb Bot (3Y186),stabble,stellium,1280.666066807,0.00100000000
Arb Bot (Duvq),stepn,stellium,146.723097095,0.00100000000
Arb Bot (Duvq),pumpswap,temporal,15.540100417,0.00100000000
DFlow Frontend,bisonfi,0slot,31.32770394,0.00100000000
OKX DEX,saros,temporal,29.724108214,0.00098123100
OKX DEX,saber,astralane,1222.777550751,0.00095000000
Arb Bot (MEMS5),fluxbeam,helius,280.531366078,0.00095000000
Arb Bot (MEMS5),invariant,helius,3810.092254172,0.00094500000
Arb Bot (MEMS5),invariant,jito,3918.936112229,0.00093817500
Jupiter Agg,stepn,0slot,1586.030176311,0.00093649600
Unknown Frontend,scorch,helius,3.472795628,0.00093209200
Arb Bot (mine9),manifest,astralane,78.578757082,0.00090777900
Arb Bot (GMGNr),raydium,jito,3412.022527799,0.00086160100
Binance Wallet,mercurial,0slot,14.957525059,0.00086125000
Unknown Frontend,alphaq,blockrazor,3874.8444167,0.00086003100
Arb Bot (sattC),byreal,helius,33.048328284,0.00085864000
DFlow Frontend,humidifi,helius,427640.057484976,0.00082000000
Unknown Frontend,aquifer,helius,438.737107697,0.00081000000
Squads Wallet,alphaq,jito,23964.476348996,0.00080000000
Arb Bot (88aaa),tesserav,jito,123.517720076,0.00079193400
Arb Bot (MEMS5),whalestreet,astralane,60240.254305753,0.00079000000
Arb Bot (NA247),orca,astralane,77.070969338,0.00077917200
Unknown Frontend,whalestreet,helius,4375.897732968,0.00073832400
Unknown Frontend,manifest,astralane,40627.595230602,0.00073182800
OKX DEX,saber,jito,38755.686420836,0.00072035500
OKX DEX,saros,jito,81.078175795,0.00071236800
Arb Bot (5bsFr),invariant,helius,2711.49022455,0.00070000000
Squads Wallet,tesserav,jito,22191.320091214,0.00070000000
Squads Wallet,manifest,jito,8230.906855505,0.00070000000
Liquid Mesh Frontend,meteora,jito,577.571710433,0.00068267500
OKX DEX,fluxbeam,jito,8.105030101,0.00068222400
Liquid Mesh Frontend,pumpswap,jito,284.545607182,0.00067790500
Binance Wallet,scorch,0slot,387.376028816,0.00067471600
Arb Bot (MEMS5),marcopolo,helius,400.65574876,0.00066500000
Arb Bot (BzKg),invariant,helius,147.939661321,0.00066173000
Arb Bot (SSSnR,bisonfi,astralane,24364.852506941,0.00065003400
Arb Bot (zrVF),pumpswap,jito,968.675072884,0.00064884900
Arb Bot (88aaa),fluxbeam,jito,21.329061209,0.00064771500
Axiom Frontend,orca,jito,3396.344107145,0.00064160300
Arb Bot (BxM),byreal,astralane,1554.453165068,0.00062559700
Arb Bot (XxXxX),jupiter,jito,6.218973255,0.00061949700
OKX DEX,phoenix,jito,44.008222996,0.00060302100
Squads Wallet,zerofi,jito,22829.114448439,0.00060000000
Arb Bot (MEMS5),stepn,astralane,912.350808737,0.00060000000
Binance Wallet,stepn,blockrazor,382.923387036,0.00059788200
Arb Bot (BxM),saros,helius,81.563987882,0.00058773500
Arb Bot (Duvq),invariant,helius,51.538390721,0.00057021500
Arb Bot (MEMS5),stepn,jito,608.644904556,0.00055222900
Arb Bot (GMGNr),meteora,jito,505.631451354,0.00053480000
Unknown Frontend,mercurial,helius,3.316913036,0.00052792600
Arb Bot (GMGNr),orca,jito,343.247783458,0.00052672000
Arb Bot (MEVi),byreal,jito,320.765494365,0.00052671400
Binance Wallet,obric,jito,9025.699155476,0.00052251700
Arb Bot (BxM),manifest,astralane,10271.326324147,0.00050000000
Arb Bot (BzKg),saros,helius,149.354319532,0.00050000000
Arb Bot (BzKg),saber,helius,16136.804538518,0.00050000000
Squads Wallet,raydium,jito,520.415138919,0.00050000000
Arb Bot (GMGNr),pumpfun,jito,384.527529882,0.00048257100
Unknown Frontend,scorch,blockrazor,273.224494922,0.00045328200
Binance Wallet,phoenix,jito,2772.354212988,0.00044263800
Arb Bot (zrVF),pumpswap,astralane,988.972248574,0.00043417400
Arb Bot (SSSnR,whalestreet,astralane,22707.483921304,0.00041732300
Unknown Frontend,obric,helius,37709.94460885,0.00039960400
Arb Bot (SSSnR,phoenix,astralane,1937.206798474,0.00037506600
Arb Bot (SSSnR,obric,helius,20801.651524905,0.00037383100
Arb Bot (XxXxX),stabble,astralane,5963.457070077,0.00036864100
Binance Wallet,whalestreet,jito,969.252882857,0.00035974000
OKX DEX,dexscreener-moonshot,jito,4.453436424,0.00035000000
Unknown Frontend,obric,astralane,36670.730798211,0.00034901200
Jupiter Agg,jupiter,0slot,10087.811550308,0.00034734700
Arb Bot (SSSnR,whalestreet,helius,30465.118602913,0.00034322300
Arb Bot (MEMS5),whalestreet,helius,64209.983702867,0.00034000000
OKX DEX,whalestreet,jito,3067.183680089,0.00033464400
Unknown Frontend,phoenix,astralane,7463.510373582,0.00031739600
Arb Bot (SSSnR,pancakeswap,astralane,7547.488182424,0.00030540700
Arb Bot (Duvq),saros,helius,190.89266614,0.00029944400
OKX DEX,whalestreet,helius,30054.894980246,0.00029000000
Arb Bot (SSSnR,alphaq,astralane,20439.150583406,0.00027788800
OnChain Labs Frontend,goonfi,jito,204435.895932869,0.00027554800
Arb Bot (XxXxX),phoenix,helius,532.880218563,0.00027443300
Arb Bot (SSSnR,solfi,helius,8796.127088884,0.00026082900
Arb Bot (MEVi),phoenix,jito,421.219796261,0.00024848200
Arb Bot (A8g42),zerofi,jito,56.423820325,0.00024232500
Arb Bot (SSSnR,obric,astralane,21915.24428804,0.00024214500
Arb Bot (MEMS5),stepn,helius,1818.905444517,0.00023500000
Liquid Mesh Frontend,tesserav,jito,399.074027291,0.00023195200
OKX DEX,fluxbeam,temporal,0.01013264814,0.00022413300
OnChain Labs Frontend,alphaq,jito,79785.531048487,0.00021880000
Binance Wallet,scorch,jito,4222.940743931,0.00021618900
Binance Wallet,invariant,0slot,4.34766102,0.00021361700
Unknown Frontend,mercurial,jito,1118.172246442,0.00021100000
OKX DEX,scorch,helius,73927.006164613,0.00020500000
Unknown Frontend,zerofi,blockrazor,302.218876515,0.00020376100
Arb Bot (Duvq),stepn,helius,549.301489521,0.00020173500
Unknown Frontend,fluxbeam,0slot,5.963996678,0.00020000000
Squads Wallet,aquifer,jito,56126.25924,0.00020000000
DFlow Frontend,byreal,helius,0.9775282433,0.00020000000
Squads Wallet,invariant,jito,0.8856431,0.00020000000
Arb Bot (BzKg),stepn,helius,459.911064237,0.00020000000
Unknown Frontend,whalestreet,0slot,0.001010936629,0.00020000000
Titan Exchange,scorch,0slot,0.4024200571,0.00020000000
Binance Wallet,fluxbeam,blockrazor,8.436796568,0.00019660200
Arb Bot (MEVi),solfi,helius,14268.812398732,0.00017623800
Binance Wallet,byreal,jito,1445.230213888,0.00016522000
Arb Bot (MEMS5),saber,helius,8001.285926925,0.00016500000
Titan Exchange,saros,helius,4.387390267,0.00015500000
Arb Bot (MEMS5),cropper,jito,3.537689082,0.00015468100
Unknown Frontend,saber,blockrazor,299.778669492,0.00015326400
OKX DEX,phoenix,temporal,657.132644,0.00015241200
Binance Wallet,saber,0slot,4.999532,0.00014387500
Jupiter Agg,mercurial,0slot,191.520360453,0.00014314900
OKX DEX,scorch,jito,9441.402867637,0.00014077800
OnChain Labs Frontend,humidifi,jito,22865.627736512,0.00013747900
OnChain Labs Frontend,solfi,jito,19285.454434314,0.00013336100
OnChain Labs Frontend,zerofi,jito,33611.455868319,0.00013227400
Arb Bot (A8g42),aquifer,jito,6.501852062,0.00013179700
Photon Frontend,pumpswap,jito,135.068986905,0.00013000000
Arb Bot (King7),meteora,helius,14533.699904255,0.00012500000
OnChain Labs Frontend,raydium,jito,2338.658880157,0.00012071800
Arb Bot (King7),pumpswap,helius,5192.907559852,0.00011500000
Arb Bot (MEVi),alphaq,helius,26254.520582354,0.00011058900
Arb Bot (SSSnR,manifest,astralane,2997.961943,0.00010122500
Arb Bot (BxM),saros,astralane,4.534881965,0.00010000000
Arb Bot (Duvq),saber,helius,410.392088021,0.00010000000
Jupiter Agg,fluxbeam,0slot,8.755796777,0.00010000000
Arb Bot (5bsFr),stepn,helius,55.358603566,0.00010000000
OKX DEX,byreal,bloxroute,0.08888077275,0.00010000000
Squads Wallet,pancakeswap,jito,82.22286,0.00010000000
Titan Exchange,scorch,astralane,148.868014079,0.00010000000
Squads Wallet,stabble,jito,1.833090888,0.00010000000
Arb Bot (SSSnR,pumpswap,astralane,44.997299956,0.00009589300
OnChain Labs Frontend,bisonfi,jito,90341.63606347,0.00009517400
Arb Bot (MEMS5),mercurial,helius,1089.13777484,0.00009500000
Unknown Frontend,solfi,astralane,3491.34683391,0.00009404100
Liquid Mesh Frontend,orca,jito,16.991429374,0.00009354700
Arb Bot (XxXxX),alphaq,astralane,761.500438677,0.00009156000
Arb Bot (MEMS5),gamma,astralane,1.417296002,0.00008000000
OnChain Labs Frontend,tesserav,jito,23500.626572744,0.00007905800
OnChain Labs Frontend,orca,jito,67.687506812,0.00007067700
Arb Bot (MEVi),phoenix,helius,609.340605184,0.00007019200
Arb Bot (MEMS5),jupiter,helius,331051.944577433,0.00007000000
Arb Bot (MEVi),pancakeswap,helius,1251.196754995,0.00006777100
Arb Bot (SSSnR,byreal,astralane,28.99723334,0.00006090300
Unknown Frontend,tesserav,astralane,1486.237184587,0.00006000000
Arb Bot (MEMS5),jupiter,astralane,42761.559298832,0.00006000000
OnChain Labs Frontend,stabble,jito,61.944978182,0.00005916200
OnChain Labs Frontend,manifest,jito,17311.846412138,0.00005901800
OnChain Labs Frontend,meteora,jito,66.04855481,0.00005418400
Arb Bot (zrVF),byreal,astralane,154.974558076,0.00005356600
OKX DEX,fluxbeam,helius,3.000058312,0.00005000000
Arb Bot (King7),raydium,helius,3797.248959655,0.00005000000
Binance Wallet,invariant,jito,16.203707214,0.00004746100
Arb Bot (MEVi),humidifi,helius,2089.624200924,0.00004587500
OnChain Labs Frontend,pancakeswap,jito,124.778821661,0.00004551400
Arb Bot (MEMS5),gamma,jito,1.273939363,0.00004531500
Liquid Mesh Frontend,solfi,jito,231.571561809,0.00004508000
Arb Bot (MEMS5),cropper,astralane,3.301528726,0.00004000000
Arb Bot (King7),orca,helius,12323.903897375,0.00004000000
Titan Exchange,scorch,helius,495.022883333,0.00004000000
Liquid Mesh Frontend,stabble,jito,318.561104837,0.00003835900
Binance Wallet,saber,jito,1739.153827555,0.00003620800
Binance Wallet,stepn,jito,215.09719884,0.00003348300
Liquid Mesh Frontend,pumpfun,jito,12.438601604,0.00002952700
Arb Bot (MEVi),manifest,helius,1700.891218975,0.00002500000
Unknown Frontend,scorch,jito,630.179580582,0.00002412800
Arb Bot (MEMS5),jupiter,jito,1.239561099,0.00002032100
OKX DEX,saber,helius,199.980926,0.00002000000
Arb Bot (NA247),pancakeswap,jito,74.252191997,0.00001839500
Arb Bot (MEMS5),cropper,helius,2.92526928,0.00001500000
Arb Bot (King7),humidifi,helius,5945.376200718,0.00001500000
OnChain Labs Frontend,pumpswap,jito,6.860728807,0.00001438800
Liquid Mesh Frontend,pancakeswap,jito,0.6978146134,0.00001387200
OnChain Labs Frontend,obric,jito,423.634487927,0.00001126400
Arb Bot (NA247),pancakeswap,helius,1033.727175434,0.00001044500
Arb Bot (MEVi),byreal,helius,7.013976736,0.00001015800
Fluxbeam Frontend,fluxbeam,jito,0.5916092808,0.00001000000
Jupiter Agg,mercurial,blockrazor,0.008481549606,0.00001000000
Arb Bot (MEVi),meteora,astralane,0.02135112696,0.00001000000
Unknown Frontend,whalestreet,astralane,430.460829945,0.00001000000
Binance Wallet,mercurial,jito,0.1517289793,0.00000568100
Arb Bot (King7),zerofi,helius,4845.994419452,0.00000500000
Arb Bot (King7),fluxbeam,helius,31.430000154,0.00000500000
Arb Bot (King7),pumpfun,helius,34.582947043,0.00000500000
Axiom Frontend,dexscreener-moonshot,jito,280.182998225,0.00000500000
Jupiter Agg,marcopolo,jito,6.865856,0.00000100000
